label,aliases,category,maker,hrc,retention,sharpening,corrosion,chip,c_pct,cr_pct,mo_pct,v_pct,w_pct,co_pct,mn_pct,si_pct,other_comp,description,available
White Steel #3,"white steel 3,shirogami 3,white 3",Carbon,Hitachi,59–62,64,80,20,83,0.80–0.90%,,,,,,0.10–0.20%,0.10–0.20%,,Most accessible Shirogami. Low carbon gives exceptional ease of sharpening and a keen initial edge with lower edge retention than #1 or #2. Highly reactive — dry immediately after every use.,true
White Steel #2,"white steel 2,shirogami 2,white 2",Carbon,Hitachi,61–64,79,70,20,79,1.00–1.10%,,,,,,0.20–0.30%,0.10–0.20%,"P ≤0.025%, S ≤0.004%",Benchmark of Japanese kitchen knife carbon steels. High purity allows an extremely sharp edge. Very reactive — dry immediately after use.,true
White Steel #1,"white steel 1,shirogami 1,white 1",Carbon,Hitachi,62–65,87,64,20,75,1.25–1.35%,,,,,,0.20–0.30%,0.10–0.20%,"P ≤0.025%, S ≤0.004%",Purest and highest-carbon Shirogami. Extremely refined edge — used in top Honyaki knives. More brittle than #2. Requires expert care.,true
Blue Steel #2,"blue steel 2,aogami 2,blue 2,aogami2",Carbon,Hitachi,62–63,80,66,20,78,1.00–1.20%,0.20–0.50%,,,1.50–2.00%,,0.20–0.30%,0.10–0.20%,,Most popular carbon steel in Japanese knife making. Tungsten and chromium improve toughness and retention while remaining accessible to sharpen.,true
Blue Steel #1,"blue steel 1,aogami 1,blue 1,aogami1",Carbon,Hitachi,62–65,88,61,21,75,1.20–1.40%,0.30–0.50%,,,1.50–2.00%,,0.20–0.30%,0.10–0.20%,,Higher carbon than Blue #2. Superior edge retention. More demanding to sharpen — for experienced users.,true
Blue Super,"blue super,aogami super",Carbon,Hitachi,63–67,98,49,21,73,1.40–1.50%,0.30–0.50%,0.30–0.50%,0.30–0.50%,2.00–2.50%,,0.20–0.40%,0.10–0.40%,,Pinnacle of Yasugi carbon steel. Mo and V push hardness and retention to the absolute limits without becoming brittle. Expert sharpening and care required.,true
V-Toku 2,v-toku 2,Carbon,Hitachi,62–65,85,62,20,78,1.00–1.20%,0.10–0.30%,,0.20–0.30%,,,0.20–0.30%,0.10–0.20%,,Hitachi carbon steel with vanadium additions. Vanadium carbides improve wear resistance beyond standard Blue steels.,true
SK Steel,sk steel,Carbon,JIS,58–62,65,79,20,81,0.95–1.10%,,,,,,0.10–0.50%,0.10–0.35%,,JIS standard basic tool steel. Lower performance but very easy to sharpen. Entry-level traditional knives. Highly reactive.,true
ApexUltra,apex ultra,Carbon,Takefu,64–67,100,46,21,71,1.55–1.65%,0.50%,0.50%,0.50%,2.00%,,0.30%,0.35%,,"Ultra-high carbon steel. Extreme edge retention. Requires specialist heat treatment, expert sharpening and meticulous care.",true
SLD,sld,Semi-stainless,Hitachi,60–63,72,67,53,82,0.95–1.00%,7.80–8.50%,1.00–1.50%,0.20–0.30%,0.30%,,0.30–0.60%,0.20–0.50%,,Semi-stainless tool steel. ~8% Cr develops a protective patina rather than rusting aggressively. Excellent toughness and good edge retention.,true
SKD,skd,Semi-stainless,JIS,62–64,87,51,61,76,1.40–1.60%,11.00–13.00%,0.80–1.20%,0.70–1.00%,,,0.20–0.50%,0.40%,,"High-carbon, high-chromium tool steel. ~12% Cr offers meaningful corrosion resistance. High carbide volume delivers excellent edge retention.",true
HAP-40,"hap-40,hap40,hap 40",Semi-stainless,Hitachi,66–67,100,25,35,71,1.27%,4.00%,5.00%,3.00%,6.00%,8.00%,0.30%,0.45%,,"High-speed powder tool steel. W, Mo, V and Co push hardness to 66–67 HRC. Outstanding edge retention. Requires diamond or CBN stones.",true
AUS-8,"aus-8,aus8,aus 8",Stainless,Aichi,57–59,46,86,78,87,0.70–0.75%,13.00–14.50%,0.10–0.30%,0.10–0.26%,,,0.50%,1.00%,Ni 0.49%,"Reliable mid-range Japanese stainless. Balanced performance, easy to sharpen, forgiving of rough use, good corrosion resistance.",true
MV (Molybdenum Vanadium),mv (molybdenum vanadium),Stainless,Various,56–58,43,88,77,87,0.60–0.70%,13.00–14.00%,0.50–1.00%,0.10–0.20%,,,,,,Basic stainless designation. Lower carbon limits edge retention but delivers excellent toughness and corrosion resistance. Very easy to sharpen.,true
Swedish Steel,"swedish steel,sweden",Stainless,Sandvik,60–62,59,81,77,84,0.65–0.70%,13.50%,0.10%,,,,0.65%,0.40%,,High-purity Scandinavian stainless (19C27). Fine microstructure allows sharpness comparable to carbon steels. Consistent quality.,true
VG-1,"vg1,vg-1,vg 1",Stainless,Takefu,57–60,45,89,80,86,0.60–0.75%,14.00–15.00%,0.10%,,,,0.50%,0.40%,,Entry-level VG series by Takefu. Good corrosion resistance and easy to sharpen. Low-maintenance for everyday use.,true
VG-5,"vg5,vg-5,vg 5",Stainless,Takefu,59–61,57,80,80,85,0.80–0.90%,14.00–15.00%,0.20%,0.10–0.20%,,,0.50%,0.50%,,Mid-range VG series between VG-1 and VG-10. Good corrosion resistance. Easier to sharpen than VG-10.,true
Ginsan / Silver #3,"ginsan,silver #3,gin san,gingami #3,silver steel #3,silver steel 3,silver 3,gin-san",Stainless,Hitachi,61–62,71,72,74,81,0.95–1.10%,13.00–14.50%,,,,,0.50–0.70%,0.20–0.50%,"P ≤0.025%, S ≤0.004%",Carbon steel performance with stainless convenience. Achieves sharpness close to White #2. Easier to sharpen than VG-10. Preferred by many professional chefs.,true
Chromax,chromax,Stainless,Hitachi,61–63,64,77,77,83,0.70–0.75%,13.50%,0.10%,,,,0.50%,0.40%,,Hitachi stainless emphasising corrosion resistance and ease of sharpening. Good for humid environments.,true
ATS-34,ats34,Stainless,Hitachi,60–62,71,65,79,82,1.05%,14.00%,4.00%,,,,0.40%,0.35%,,Premium conventional stainless equivalent to 154CM. Gold standard before PM steels. High Mo improves toughness and corrosion resistance.,true
VG-10,"vg-10,vg10,vg 10",Stainless,Takefu,60–62,68,71,81,83,1.00%,14.50–15.50%,0.90–1.20%,0.10–0.30%,,1.30–1.50%,0.50%,0.40%,,Most widely-used premium Japanese stainless. Cobalt gives better edge retention than composition alone suggests. The benchmark for accessible high-performance stainless.,true
VG-MAX,vg-max,Stainless,Takefu,60–62,70,66,82,82,1.00%,14.50–15.50%,0.90–1.20%,0.30%,3.00%,2.50%,0.50%,0.50%,,Upgraded proprietary VG-10 for Shun. Higher Co and V improve edge retention.,true
AUS-10,"aus-10,aus10,aus 10",Stainless,Aichi,60–62,68,72,75,82,0.95–1.10%,13.00–14.50%,0.10–0.30%,0.10–0.27%,,,0.50%,1.00%,Ni 0.49%,Premium AUS series. Higher C and V than AUS-8 improve edge retention. Nickel adds toughness.,true
COSP (Cobalt Special),cosp (cobalt special),Stainless,Takefu,62–64,76,67,77,82,0.80–0.90%,13.00–14.00%,0.50%,0.20%,,3.00–5.00%,0.50%,,,Cobalt-enhanced stainless. High Co allows greater hardness improving edge retention beyond what carbon content suggests.,true
ZA-18,za-18,Stainless,Takefu,63–65,84,61,89,80,1.00%,18.00%,1.30%,0.20%,,1.50%,0.40%,0.40%,,18% Cr gives near-immune rust resistance. Ideal for humid professional environments. Cobalt improves hardness.,true
SG2 / R2,"sg2,r2,sg-2,sg 2",Stainless PM,Takefu / Kobelco,62–64,86,48,79,80,1.25%,14.00%,2.30%,1.80%,,1.50%,0.40%,0.50%,"P ≤0.030%, S ≤0.030%",Benchmark powder metallurgy stainless steel. Uniform carbide distribution delivers exceptional edge retention. The endgame steel for most professionals.,true
VG XEOS,vg xeos,Stainless PM,Takefu,63–65,91,44,80,79,1.20–1.40%,14.00–15.00%,2.00–2.50%,1.50–2.00%,0.11%,1.00%,0.40%,0.25–0.30%,,Advanced PM stainless bridging VG-10 and SG2. High V and Mo push edge retention well beyond VG-10.,true
SRS-13,srs-13,Stainless PM,Nachi,63–65,94,38,77,79,1.30%,13.50%,2.00%,3.00%,1.25%,1.00%,0.50%,0.30%,,PM stainless by Nachi-Fujikoshi. High V (3%) produces fine vanadium carbides for exceptional retention.,true
FAXR2,faxr2,Stainless PM,Takefu,63–64,89,44,79,80,1.30%,14.00%,2.50%,2.00%,,1.50%,0.40%,0.40%,,PM stainless close to SG2. High V and Mo for excellent wear resistance.,true
SPG STRIX,spg strix,Stainless PM,Takefu,63–64,90,43,79,80,1.40%,14.00%,2.00%,2.40%,,1.00%,0.40%,0.40%,,Premium PM stainless at or above SG2. Very high V carbide content for exceptional edge retention.,true
ZDP-189,"zdp-189,zdp189,zdp 189",Stainless PM,Hitachi,67–69,100,25,59,64,3.00%,20.00%,1.40%,0.10%,0.60%,,0.50%,0.40%,,The extreme end of knife steel. 3% C and 20% Cr push hardness to 67–69 HRC. Very brittle — expert-only.,true
1.1268,,Carbon,,,64,80,20,82,0.90–1.05%,,,,,,0.30–0.50%,0.15–0.25%,DE,,false
1.1535,,Carbon,,,63,81,20,82,0.85–0.95%,,,,,,0.10–0.40%,0.10–0.30%,DE,,false
1.1555,,Carbon,,,67,77,20,80,1.15–1.25%,,,,,,0.10–0.40%,0.10–0.30%,DE,,false
1.1563.01,,Carbon,,,67,76,20,79,1.23%,,,,,0.005%,0.56%,0.00–0.08%,"Cu 0.03%, N 0.005%, DE",,false
1.1830,,Carbon,,,62,81,20,83,0.80–0.90%,,,,,,0.50–0.70%,0.25–0.40%,DE,,false
1.2003,,Carbon,,,59,82,20,84,0.70–0.80%,0.30–0.40%,,,,,0.60–0.80%,0.25–0.50%,DE,,false
1.2085,,Stainless,,,27,100,85,89,0.28–0.38%,15.00–17.00%,,,,,1.00%,1.00%,"Ni 1.00%, DE",,false
1.2303,,Carbon,,,67,75,22,81,0.90–1.10%,1.10–1.30%,0.20–0.40%,,,,0.20–0.40%,0.15–0.30%,DE,,false
1.2311,,Carbon,,,34,96,27,88,0.35–0.45%,1.80–2.10%,0.15–0.25%,,,,1.30–1.60%,0.20–0.40%,DE,,false
1.2357,,Carbon,,,45,84,32,87,0.50%,3.25%,1.50%,0.25%,,,0.70%,0.50%,DE,,false
1.2360,,Semi-stainless,,,35,82,52,87,0.45–0.50%,7.30–7.80%,1.30–1.50%,1.30–1.50%,,,0.35–0.45%,0.70–0.90%,DE,,false
1.2414,,Carbon,,,69,73,20,79,1.23%,0.13%,,,0.98%,,,0.25%,DE,,false
1.2419.05,,Semi-stainless,,,74,67,21,78,1.30%,1.00%,0.30%,0.20%,1.30%,,,,DE,,false
1.2511,,Carbon,,,64,74,21,83,0.75–0.85%,0.40–0.60%,,0.20–0.30%,0.60–0.80%,,0.30–0.50%,0.15–0.40%,DE,,false
1.2703,,Carbon,,,58,82,20,84,0.70–0.78%,0.20–0.30%,,,,,0.35–0.45%,0.10–0.25%,"Ni 0.50-0.60%, DE",,false
1.2721,,Carbon,,,41,92,23,87,0.45–0.55%,0.90–1.20%,,,,,0.40–0.60%,0.15–0.35%,"Ni 3.00-3.50%, DE",,false
1.2738,,Carbon,,,34,96,27,88,0.35–0.45%,1.80–2.10%,0.15–0.25%,,,,1.30–1.60%,0.20–0.40%,"Ni 0.90-1.20%, DE",,false
1.2824,,Carbon,,,62,77,23,84,0.65–0.75%,0.90–1.20%,0.90–1.40%,,,,1.80–2.50%,0.10–0.50%,DE,,false
1.2990,,Semi-stainless,,,70,60,54,83,1.00%,8.00%,1.00%,1.60%,,,,0.90%,DE,,false
1.3245,,Semi-stainless,,,43,70,44,83,0.88–0.96%,3.80–4.50%,4.70–5.20%,1.70–2.00%,6.00–6.70%,4.50–5.00%,0.40%,0.45%,DE,,false
1.3325,,Semi-stainless,,,61,65,36,83,0.77–0.85%,3.90–4.40%,4.00–4.50%,0.90–1.10%,,,0.40%,0.65%,DE,,false
1.3333,,Semi-stainless,,,50,65,35,84,0.97–0.98%,3.85–4.11%,2.50–2.61%,2.51–2.66%,2.92–3.23%,,0.18–0.31%,0.35–0.41%,"Ni 0.25-0.28%, DE",,false
1.3343,,Semi-stainless,,,43,70,52,83,0.86–0.94%,3.80–4.50%,4.70–5.20%,1.70–2.10%,5.90–6.70%,,,0.00–0.45%,DE,,false
1.3348,,Semi-stainless,,,43,69,51,82,0.95–1.05%,3.50–4.50%,8.20–9.20%,1.70–2.20%,1.50–2.10%,,0.40%,0.70%,DE,,false
1.3355,,Semi-stainless,,,49,67,35,82,1.00%,4.00%,0.70%,1.10%,19.00%,,,,DE,,false
1.3394,,Semi-stainless,,,45,64,61,82,1.25–1.40%,3.80–4.50%,4.50–5.50%,3.70–4.20%,5.20–6.00%,,0.40%,0.45%,DE,,false
1.3518,,Carbon,,,66,77,21,81,0.93–1.05%,0.90–1.20%,0.10%,,,,0.90–1.20%,0.45–0.75%,"Cu 0.30%, DE",,false
1.3520,,Carbon,,,66,76,22,82,0.90–1.05%,1.40–1.65%,,,,,1.00–1.20%,0.50–0.70%,"Ni 0.30%, DE",,false
1.3537,,Carbon,,,68,73,23,81,0.95–1.10%,1.65–1.95%,0.30–0.40%,,,,0.25–0.45%,0.20–0.40%,DE,,false
1.4123,,Stainless,,,37,88,92,88,0.30–0.50%,14.00–16.00%,1.00–2.50%,0.20–0.40%,,,0.00–1.00%,0.00–1.00%,"Ni 0.50%, N 0.10-0.50%, DE",,false
1.4153.03,,Semi-stainless,,,57,70,74,85,0.80%,12.70%,1.10%,0.90%,,,,,"Nb 0.70%, DE",,false
1.4197,,Stainless,,,51,73,80,86,0.70%,14.50%,1.90%,0.60%,,,,,"Nb 0.80%, DE",,false
1.4419,,Stainless,,,36,93,78,88,0.36–0.42%,13.00–14.50%,0.60–1.00%,,,,1.00%,1.00%,DE,,false
1.5024,,Carbon,,,38,93,20,87,0.42–0.52%,,,,,,0.50–0.80%,1.50–2.00%,DE,,false
1.7218,,Carbon,,,23,100,23,89,0.22–0.28%,0.90–1.20%,0.15–0.30%,,,,0.60–0.90%,0.40%,DE,,false
1.8161,,Carbon,,,49,85,23,86,0.55–0.62%,0.90–1.20%,,0.10–0.20%,,,0.70–1.10%,0.15–0.40%,DE,,false
100C6,,Carbon,,,66,76,22,81,0.93–1.05%,1.35–1.60%,0.10%,,,,0.25–0.45%,0.15–0.35%,"Cu 0.20%, FR",,false
100Cr6,,Carbon,,,66,76,22,81,0.93–1.05%,1.35–1.60%,0.10%,,,,0.25–0.45%,0.15–0.35%,"Cu 0.20%, DE",,false
100CrMn6,,Carbon,,,66,76,22,82,0.90–1.05%,1.40–1.65%,,,,,1.00–1.20%,0.50–0.70%,"Ni 0.30%, DE",,false
100CrMo5,,Carbon,,,67,75,22,81,0.90–1.10%,1.10–1.30%,0.20–0.40%,,,,0.20–0.40%,0.15–0.30%,DE,,false
100CrMo7,,Carbon,,,68,73,23,81,0.95–1.10%,1.65–1.95%,0.30–0.40%,,,,0.25–0.45%,0.20–0.40%,DE,,false
100CrMo7-3,,Carbon,,,68,74,23,81,1.00%,1.80%,0.30%,,,,0.70%,,DE,,false
100CV6,,Carbon,,,65,75,23,83,0.86%,1.62%,0.01%,0.174%,,,0.35%,0.34%,"Ni 0.58%, Cu 0.05%, FR",,false
100KH13M,,Semi-stainless,,,81,64,76,80,0.90–1.05%,12.50–14.50%,1.40–1.80%,,,,0.60%,0.60%,"Ni 0.50%, RU",,false
100WC10,,Semi-stainless,,,70,73,21,80,1.15%,0.74%,0.02%,,1.20%,,0.38%,0.38%,"Cu 0.12%, FR",,false
100WC40,,Semi-stainless,,,75,63,21,81,0.98%,0.63%,0.28%,0.28%,3.66%,,0.30%,0.16%,"Cu 0.11%, FR",,false
1018,,Carbon,,,19,100,20,89,0.15–0.20%,,,,,,0.60–0.90%,,US,,false
1020,,Carbon,,,19,100,20,89,0.18–0.23%,,,,,,0.30–0.60%,,US,,false
102Cr17Mo,,Stainless,,,75,71,88,81,0.90–1.00%,17.00–19.00%,,,,,0.80%,0.80%,"Ni 0.60%, CN",,false
102Cr6,,Carbon,,,67,75,22,81,0.95–1.10%,1.35–1.65%,0.10%,,,,0.20–0.40%,0.15–0.35%,EU,,false
1030,,Carbon,,,26,100,20,89,0.28–0.34%,,,,,,0.60–0.90%,,US,,false
1035,,Carbon,,,29,99,20,89,0.32–0.38%,,,,,,0.60–0.90%,,US,,false
1040,,Carbon,,,33,96,20,88,0.37–0.44%,,,,,,0.60–0.90%,0.10–0.35%,US,,false
1044,,Carbon,,,38,94,20,87,0.43–0.50%,,,,,,0.30–0.60%,,US,,false
1045,,Carbon,,,38,94,20,87,0.43–0.50%,,,,,,0.60–0.90%,,US,,false
1046,,Carbon,,,38,94,20,87,0.43–0.50%,,,,,,0.70–1.00%,,US,,false
1049,,Carbon,,,40,92,20,87,0.46–0.53%,,,,,,0.60–0.90%,,US,,false
1050,,Carbon,,,42,91,20,87,0.48–0.55%,,,,,,0.60–0.90%,,US,,false
1053,,Carbon,,,42,91,20,87,0.48–0.55%,,,,,,0.70–1.00%,,US,,false
1055,,Carbon,,,45,89,20,86,0.50–0.60%,,,,,,0.60–0.90%,,US,,false
105Cr2,,Carbon,,,65,78,21,82,0.90–1.05%,0.40–0.60%,,,,,0.25–0.45%,0.15–0.35%,DE,,false
105CrW6,,Semi-stainless,,,69,73,21,81,1.03%,1.05%,0.03%,,1.15%,,0.97%,0.28%,"Ni 0.13%, Cu 0.25%, DE",,false
105V,,Carbon,,,66,76,20,81,1.00–1.10%,,,0.10–0.20%,,,0.10–0.40%,0.10–0.30%,EU,,false
1060,,Carbon,,,48,87,20,86,0.55–0.65%,,,,,,0.60–0.90%,,US,,false
1064,,Carbon,,,52,85,20,85,0.60–0.70%,,,,,,0.50–0.80%,,US,,false
1065,,Carbon,,,52,85,20,85,0.60–0.70%,,,,,,0.60–0.90%,,US,,false
1066,,Carbon,,,53,84,20,85,0.60–0.71%,0.00–0.25%,,,,,0.80–1.10%,0.17–0.37%,US,,false
1069,,Carbon,,,56,84,20,84,0.65–0.75%,,,,,,0.40–0.70%,,US,,false
1070,,Carbon,,,56,84,20,84,0.65–0.75%,,,,,,0.60–0.90%,,US,,false
1074,,Carbon,,,58,83,20,84,0.70–0.80%,,,,,,0.50–0.80%,,US,,false
1075,,Carbon,,,58,83,20,84,0.70–0.80%,,,,,,0.40–0.70%,,US,,false
1078,,Carbon,,,60,82,20,84,0.72–0.85%,,,,,,0.30–0.60%,,US,,false
1080,,Carbon,,,61,82,20,83,0.75–0.88%,,,,,,0.60–0.90%,,US,,false
1080+,,Carbon,?,,63,76,21,83,0.82%,0.60%,,0.20%,,,0.42%,0.22%,US,,false
1084,,Carbon,,,62,81,20,83,0.80–0.93%,,,,,,0.60–0.90%,,US,,false
1085,,Carbon,,,62,81,20,83,0.80–0.93%,,,,,,0.70–1.00%,,US,,false
1086,,Carbon,,,62,81,20,83,0.80–0.93%,,,,,,0.30–0.50%,,US,,false
108Cr17,,Stainless,,,82,64,85,79,0.95–1.20%,16.00–18.00%,0.75%,,,,1.00%,1.00%,"Ni 0.60%, CN",,false
1090,,Carbon,,,63,80,20,82,0.85–0.98%,,,,,,0.60–0.90%,,US,,false
1095,,Carbon,,,64,80,20,82,0.90–1.03%,,,,,,0.30–0.50%,,US,,false
1095 Cro-Van,,Carbon,Sharon Steel,,67,74,21,81,0.95–1.10%,0.40–0.60%,0.06%,0.15–0.25%,,,0.30–0.50%,0.15–0.25%,"Ni 0.25%, US",,false
10C16Mo3V1,,Semi-stainless,Alleima,,44,84,54,87,0.50%,8.00%,1.40%,0.30%,,,0.40%,0.90%,SE,,false
10C28Mo2,,Stainless,Alleima,,48,86,83,86,0.53%,14.00%,1.00%,,,,0.70%,0.40%,"N 0.08%, SE",,false
10Cr15CoMoV,,Stainless,,,83,61,81,80,0.95–1.05%,14.50–15.50%,0.80–1.20%,0.25–0.35%,,1.30–1.80%,0.30–0.50%,0.00–0.45%,CN,,false
110WCrV5,,Semi-stainless,,,71,69,22,80,1.05–1.15%,1.10–1.30%,,0.15–0.25%,1.20–1.40%,,0.20–0.40%,0.15–0.30%,DE,,false
110X18MSHD,,Stainless,,,90,57,85,79,1.10–1.20%,16.50–18.00%,0.50–0.80%,0.00–0.20%,0.00–0.20%,,0.50–1.00%,0.53–0.93%,"ESR, RU",,false
115CrV3,,Carbon,,,68,74,21,80,1.10–1.25%,0.50–0.80%,,0.07–0.12%,,,0.20–0.40%,0.15–0.30%,DE,,false
115W8,,Semi-stainless,,,71,72,20,79,1.10–1.20%,0.15–0.25%,,,1.80–2.10%,,0.20–0.40%,0.15–0.30%,DE,,false
11KH4V2MF3S2,,Carbon,,,68,73,21,81,1.05–1.15%,0.40–0.70%,,0.15–0.30%,,,0.40–0.70%,0.10–0.40%,RU,,false
11M5F,,Semi-stainless,,,69,57,35,81,1.02–1.10%,3.80–4.20%,5.20–5.80%,1.30–1.60%,0.60%,,0.40%,,RU,,false
120C,,Stainless,Sandvik,,47,88,79,86,0.58%,14.00%,,,,,0.35%,0.35%,SE,,false
125Cr2,,Carbon,,,69,75,21,79,1.20–1.30%,0.40–0.60%,0.10%,,,,0.25–0.40%,0.15–0.35%,DE,,false
125CrSi5,,Carbon,,,69,74,22,79,1.20–1.30%,1.10–1.30%,,,,,0.60–0.80%,1.05–1.25%,DE,,false
125SC,,Carbon,Lohmann,,67,76,20,79,1.23%,,,,,0.005%,0.56%,0.00–0.08%,"Cu 0.03%, N 0.005%, DE",,false
12C27,,Stainless,Sandvik,,48,87,77,86,0.60%,13.50%,,,,,0.40%,0.40%,SE,,false
12C27M,,Stainless,Sandvik,,42,91,80,87,0.52%,14.50%,,,,,0.60%,0.40%,SE,,false
135WCrV4,,Carbon,,,71,70,20,78,1.30–1.40%,0.30–0.40%,,0.10–0.20%,0.80–1.10%,,,0.20–0.40%,DE,,false
13C26,,Stainless,Sandvik,,55,83,76,85,0.68%,13.00%,,,,,0.70%,0.40%,SE,,false
14-4CrMo,,Stainless,Latrobe,,91,53,79,78,1.05%,14.00%,4.00%,,,,0.50%,0.30%,US,,false
140C10,,Carbon,,,72,69,24,77,1.42%,2.55%,0.08%,0.015%,,,0.22%,0.21%,"Ni 0.11%, Cu 0.05%, FR",,false
140Cr3,,Carbon,,,70,73,21,77,1.35–1.50%,0.40–0.70%,,,,,0.25–0.40%,0.15–0.30%,DE,,false
140CrV1,,Carbon,,,70,72,20,78,1.35–1.45%,0.20–0.40%,,0.10–0.15%,,,0.20–0.45%,0.15–0.35%,DE,,false
14100,,Carbon,,,67,76,22,81,0.98–1.10%,1.30–1.60%,,,,,0.25–0.45%,0.15–0.30%,"Ni 0.30%, Cu 0.20-0.30%, CZ",,false
14160,,Carbon,,,45,89,21,86,0.50–0.60%,0.30–0.50%,,,,,0.70–1.00%,0.30–0.50%,"Ni 0.40%, Cu 0.30%, CZ",,false
14260,,Carbon,,,45,89,22,86,0.50–0.60%,0.50–0.70%,,,,,0.50–0.80%,1.30–1.60%,"Ni 0.50%, Cu 0.30%, CZ",,false
145Cr6,,Carbon,,,71,70,22,77,1.42%,1.37%,,0.18%,,,0.61%,0.37%,"Cu 0.04%, DE",,false
145V33,,Semi-stainless,,,83,46,20,80,1.40–1.50%,,,3.00–3.50%,,,0.30–0.50%,0.20–0.35%,DE,,false
14C28N,,Stainless,Sandvik,,50,86,84,85,0.62%,14.00%,,,,,0.60%,0.20%,"N 0.11%, SE",,false
154CM,,Stainless,Crucible,,89,53,78,79,1.05%,13.50–14.00%,4.00%,0.00–0.40%,0.00–0.40%,,0.50%,0.30–0.80%,US,,false
15N20,,Carbon,Bohler-Uddeholm,,58,83,20,84,0.75%,,,,,,0.40%,0.30%,"Ni 2.00%, SE",,false
17-7PH,,Stainless,,,19,100,87,89,0.09%,16.00–18.00%,,,,,1.00%,1.00%,"Ni 6.50-7.75%, US",,false
17024,,Semi-stainless,,,33,96,76,88,0.36–0.45%,12.00–14.00%,,,,,0.80%,0.70%,CZ,,false
17029,,Stainless,,,37,94,82,88,0.40–0.50%,14.00–16.00%,,,,,0.90%,0.70%,CZ,,false
17042,,Stainless,,,76,70,85,81,0.90–1.05%,16.00–18.00%,,,,,0.90%,0.70%,CZ,,false
17HC90,,Stainless,Armco,,76,70,82,81,1.00%,14.00–18.00%,,,,,,,"Ni 0.50%, US",,false
19132,,Carbon,,,60,79,20,84,0.70–0.80%,0.15%,0.10%,0.10%,0.15%,,0.10–0.40%,0.10–0.40%,"Ni 0.20%, Cu 0.20%, CZ",,false
19152,,Carbon,,,63,78,20,83,0.85%,0.15%,0.10%,0.10%,0.15%,,0.10–0.40%,0.10–0.40%,"Ni 0.20%, Cu 0.20%, CZ",,false
19191,,Carbon,,,67,75,20,81,1.10%,0.15%,0.10%,0.10%,0.15%,,0.10–0.40%,0.10–0.40%,"Ni 0.20%, Cu 0.20%, CZ",,false
19221,,Carbon,,,68,74,20,80,1.15%,0.15%,0.10%,0.10%,0.15%,,0.10–0.40%,0.10–0.40%,"Ni 0.20%, Cu 0.20%, CZ",,false
19800,,Semi-stainless,,,48,69,36,84,0.75–0.85%,3.80–4.60%,0.50%,1.30–2.00%,8.00–9.50%,,0.45%,0.45%,CZ,,false
19802,,Semi-stainless,,,42,71,53,84,0.80–0.90%,3.80–4.60%,0.50%,2.00–2.70%,9.50–11.00%,,0.45%,0.45%,CZ,,false
19C5Va,,Carbon,Bohler-Uddeholm,,66,75,21,82,1.00%,0.50%,,0.20%,,,0.80%,,SE,,false
1Cr17Mo,,Stainless,,,26,100,87,88,0.12%,16.00–18.00%,0.75–1.25%,,,,1.00%,1.00%,CN,,false
1K6,,Stainless,Daido,,50,84,77,86,0.60%,13.50%,0.10%,0.13%,,,1.00%,1.00%,"Ni 0.50%, JP",,false
1K6M,,Stainless,Daido,,48,87,77,86,0.55–0.65%,13.00–14.00%,,,,,1.00%,1.00%,"Ni 0.50%, JP",,false
1K7,,Stainless,Daido,,57,82,77,84,0.70%,13.50%,0.10%,,,,1.00%,1.00%,"Ni 0.50%, JP",,false
1K8,,Stainless,Daido,,65,77,77,83,0.80%,13.50%,0.10%,,,,1.00%,1.00%,"Ni 0.50%, JP",,false
20C Shock Absorber,,Carbon,Sandvik,,65,79,20,82,1.00%,,,,,,0.45%,0.30%,SE,,false
2258,,Carbon,,,66,76,22,81,0.93–1.05%,1.35–1.60%,0.10%,,,,0.25–0.45%,0.15–0.35%,"Cu 0.20%, SE",,false
2310,,Semi-stainless,,,87,51,60,75,1.45–1.65%,11.00–13.00%,0.70–0.90%,0.70–1.00%,,,0.30–0.60%,0.20–0.40%,SE,,false
2Cr14Mo,,Stainless,Ahonest Changjiang,,21,100,77,89,0.16–0.20%,13.20–13.60%,0.18–0.25%,,,,0.35–0.60%,0.30–0.65%,CN,,false
301,,Stainless,,,19,100,87,89,0.15%,16.00–18.00%,,,,,2.00%,1.00%,"Ni 6.00-8.00%, US",,false
302,,Stainless,,,19,100,89,89,0.15%,17.00–19.00%,,,,,2.00%,1.00%,"Ni 8.00-10.00%, US",,false
303,,Stainless,,,19,100,89,89,0.15%,17.00–19.00%,,,,,2.00%,1.00%,"Ni 8.00-10.00%, US",,false
304,,Stainless,,,19,100,91,89,0.08%,18.00–20.00%,,,,,2.00%,1.00%,"Ni 8.00-10.50%, US",,false
30Cr13,,Semi-stainless,,,25,100,76,89,0.26–0.35%,12.00–14.00%,,,,,1.00%,1.00%,"Ni 0.60%, CN",,false
316,,Stainless,,,27,98,91,88,0.08%,16.00–18.00%,2.00–2.00%,,,,2.00%,1.00%,"Ni 10.00-14.00%, US",,false
316L,,Stainless,,,23,100,96,89,0.03%,16.00–18.50%,2.00–3.00%,,,,1.00–2.00%,1.00%,"Ni 10.00-14.00%, US",,false
316Ti,,Stainless,,,27,98,93,88,0.08%,16.50–18.50%,2.00–2.50%,,,,2.00%,1.00%,"Ni 10.00-13.50%, US",,false
3Cr,,Carbon,Union Electric Steel,,70,73,29,82,0.81%,3.12%,0.19%,0.06%,,,0.27%,0.30%,"ESR, UK",,false
400C,,Semi-stainless,,,19,100,74,89,0.05%,12.00–13.00%,,,,,1.00%,1.00%,US,,false
4034,,Semi-stainless,Thyssen-Krupp,,38,94,77,88,0.42–0.50%,12.50–14.50%,,,,,1.00%,,DE,,false
40KH10S2M,,Semi-stainless,,,37,93,62,88,0.35–0.45%,9.00–10.50%,0.70–0.90%,,,,0.80%,1.90–2.60%,"Ni 0.60%, RU",,false
40KH13,,Stainless,,,31,98,76,89,0.35–0.40%,13.00%,,,,,0.35%,0.30%,RU,,false
410,,Semi-stainless,,,22,100,74,89,0.09–0.15%,11.50–13.50%,0.30%,,,,1.00%,1.00%,"Ni 1.00%, US",,false
4116,,Stainless,Thyssen-Krupp,,44,87,80,87,0.45–0.55%,14.00–15.00%,0.50–0.80%,0.10–0.20%,,,,,DE,,false
4130,,Carbon,,,27,100,23,89,0.28–0.33%,0.80–1.10%,0.15–0.25%,,,,0.40–0.60%,0.15–0.30%,US,,false
4140,,Carbon,,,35,95,23,88,0.38–0.43%,0.80–1.10%,0.15–0.25%,,,,0.75–1.00%,0.15–0.35%,US,,false
4142,,Carbon,,,36,94,23,88,0.40–0.45%,0.80–1.10%,0.15–0.25%,,,,0.75–1.00%,0.15–0.35%,US,,false
4145,,Carbon,,,39,93,23,88,0.43–0.48%,0.80–1.10%,0.15–0.25%,,,,0.75–1.00%,0.15–0.35%,US,,false
4150,,Carbon,,,43,91,23,87,0.48–0.53%,0.80–1.10%,0.15–0.25%,,,,0.75–1.00%,0.15–0.35%,US,,false
416,,Semi-stainless,,,24,100,74,88,0.09–0.15%,11.50–13.50%,0.60%,,,,1.50%,1.00%,"Ni 0.01%, US",,false
4161,,Carbon,,,51,85,23,85,0.56–0.64%,0.70–0.90%,0.25–0.35%,,,,0.75–1.00%,0.15–0.30%,US,,false
420,,Semi-stainless,,,19,100,76,89,0.15%,12.00–14.00%,,,,,1.00%,1.00%,"Cu 0.09%, US",,false
420CW,,Semi-stainless,Carpenter,,48,55,77,80,2.25%,12.80%,1.30%,9.25%,,,0.50%,0.90%,"MM, US",,false
420HC,,Stainless,Latrobe,,39,90,76,88,0.46%,13.00%,,0.30%,,,0.40%,0.40%,US,,false
420J2,,Semi-stainless,,,22,100,76,89,0.15–0.36%,12.00–14.00%,,,,,1.00%,1.00%,"Ni 1.00%, US",,false
420Mod,,Stainless,,,33,94,78,89,0.38%,13.60%,,0.30%,,,0.50%,0.75%,US,,false
420MoV,,Stainless,,,44,87,80,87,0.45–0.55%,14.00–15.00%,0.50–0.80%,0.10–0.20%,,,1.00%,0.50–1.00%,US,,false
425M,,Stainless,,,42,88,80,87,0.40–0.54%,13.50–15.00%,0.60–1.00%,0.10%,,,0.50%,0.80%,US,,false
430,,Stainless,,,19,100,85,89,0.12%,14.0–18.0%,,,,,1.00%,0.75%,"Ni 0.60%, US",,false
4337,,Carbon,,,31,98,24,89,0.34–0.36%,1.10–1.50%,0.20–0.27%,,,,0.55–0.65%,0.20–0.40%,"Ni 1.50-1.55%, US",,false
4340,,Carbon,,,35,95,23,88,0.38–0.43%,0.70–0.90%,0.20–0.30%,,,,0.60–0.80%,0.15–0.30%,"Ni 1.65-2.00%, US",,false
4341,,Semi-stainless,,,57,64,36,83,0.83–0.93%,3.80–4.40%,2.50–3.50%,1.20–1.80%,3.50–4.50%,,0.20–0.40%,0.70–1.00%,CN,,false
440A,,Stainless,,,60,79,87,84,0.65–0.75%,16.00–18.00%,0.75%,,,,1.00%,1.00%,US,,false
440B,,Stainless,,,72,71,87,82,0.75–0.95%,16.00–18.00%,0.75%,,,,1.00%,1.00%,US,,false
440C,,Stainless,,,82,64,85,79,0.95–1.20%,16.00–18.00%,0.75%,,,,1.00%,1.00%,US,,false
440N-DUR,,Stainless,Latrobe,,50,85,89,86,0.58%,15.00%,0.50%,,,,0.45%,0.30%,"N 0.17%, US",,false
45Si7,,Carbon,,,38,93,20,87,0.42–0.52%,,,,,,0.50–0.80%,1.50–2.00%,EU,,false
4Cr13,,Semi-stainless,,,33,96,76,88,0.36–0.45%,12.00–14.00%,,,,,1.00%,1.00%,"Ni 0.60%, CN",,false
4Cr13Mo,,Semi-stainless,Ahonest Changjiang,,34,95,73,88,0.36–0.40%,12.15–12.45%,0.45–0.50%,,,,0.35–0.65%,0.40–0.65%,CN,,false
4Cr14MoV,,Stainless,,,40,90,80,88,0.42–0.48%,14.20–14.60%,0.48–0.55%,0.10–0.15%,,,1.00%,1.00%,CN,,false
4Cr15MoVNi,,Stainless,,,37,93,80,88,0.40–0.45%,14.00–15.00%,0.15–0.30%,0.10%,,,,,"Ni 0.30-0.60%, CN",,false
501,,Semi-stainless,,,53,63,36,82,1.05–1.15%,3.80–4.40%,4.50–5.50%,1.75–2.20%,5.50–6.75%,,0.15–0.40%,0.20–0.60%,CN,,false
50100,,Carbon,,,66,78,21,81,0.98–1.10%,0.40–0.60%,,,,,0.25–0.45%,0.15–0.30%,US,,false
50CrMoV13-1,,Carbon,,,45,84,32,87,0.50%,3.25%,1.50%,0.25%,,,0.70%,0.50%,DE,,false
50X14MF,,Stainless,,,44,87,80,87,0.45–0.55%,14.00–15.00%,0.50–0.80%,0.10–0.20%,,,0.50%,1.00%,RU,,false
51100,,Carbon,,,66,77,21,81,0.98–1.10%,0.90–1.15%,,,,,0.25–0.45%,0.15–0.30%,US,,false
5140,,Carbon,,,33,96,23,88,0.38–0.43%,0.70–0.90%,,,,,0.70–0.90%,0.15–0.30%,US,,false
5150,,Carbon,,,41,92,23,87,0.48–0.53%,0.70–0.90%,,,,,0.70–0.90%,0.15–0.30%,US,,false
5155,,Carbon,,,45,89,23,86,0.51–0.59%,0.70–0.90%,,,,,0.70–0.90%,0.15–0.30%,US,,false
5160,,Carbon,,,48,87,23,86,0.56–0.64%,0.70–0.90%,,,,,0.75–1.00%,0.15–0.30%,US,,false
5180,,Carbon,,,48,87,23,86,0.60%,0.80%,,,,,0.80%,,US,,false
52100,,Carbon,,,67,76,22,81,0.98–1.10%,1.30–1.60%,,,,,0.25–0.45%,0.15–0.30%,"Ni 0.30%, Cu 0.20-0.30%, US",,false
52100Mod1,,Carbon,,,66,76,22,82,0.90–1.05%,1.30–1.60%,,,,,0.95–1.25%,0.15–0.35%,"Ni 0.30%, Cu 0.20-0.30%, US",,false
52100Mod2,,Carbon,,,65,77,22,82,0.85–1.00%,1.40–1.80%,,,,,1.40–1.70%,0.50–0.80%,"Ni 0.30%, Cu 0.20-0.30%, US",,false
52100Mod3,,Carbon,,,67,75,22,81,0.95–1.10%,1.10–1.50%,0.20–0.30%,,,,0.65–1.90%,0.15–0.35%,"Ni 0.30%, Cu 0.20-0.30%, US",,false
52100Mod4,,Carbon,,,68,73,22,81,0.95–1.10%,1.10–1.50%,0.45–0.60%,,,,1.05–1.35%,0.15–0.35%,"Ni 0.30%, Cu 0.20-0.30%, US",,false
534A99,,Carbon,,,66,76,22,81,0.95–1.05%,1.40–1.65%,,,,,0.25–0.45%,0.15–0.35%,UK,,false
55NiCrMoV7,,Carbon,,,48,86,23,86,0.50–0.60%,0.80–1.20%,0.35–0.55%,0.05–0.15%,,,0.60–0.90%,0.10–0.40%,"Ni 1.50-1.80%, EU",,false
56Si7,,Carbon,,,46,88,21,86,0.52–0.60%,0.40%,0.10%,,,,0.60–0.90%,1.60–2.00%,"Ni 0.40%, DE",,false
5Cr14MoV,,Stainless,,,44,87,80,87,0.45–0.55%,14.00–15.00%,0.50–0.80%,0.10–0.20%,,,0.50%,1.00%,CN,,false
5Cr15MoV,,Stainless,,,42,89,81,87,0.45–0.50%,14.50–15.00%,0.60%,0.10%,,,0.40%,,CN,,false
60 NiTiNOL PM,,Carbon,Crucible,,19,100,20,89,,,,,,,,,"Ni 60.00%, CPM, US",,false
60CrMo3-3,,Carbon,,,51,85,23,85,0.56–0.64%,0.70–1.00%,0.25–0.35%,,,,0.70–1.00%,0.40%,DE,,false
60Ni20,,Carbon,,,48,87,20,86,0.60%,,,,,0.005%,0.060%,,"Ni 5.00%, Cu 0.030%, N 0.005%, DE",,false
60WCrV7,,Semi-stainless,,,53,81,23,86,0.55–0.65%,0.90–1.20%,,0.10–0.20%,1.70–2.20%,,0.15–0.45%,0.60–0.70%,DE,,false
6150,,Carbon,,,41,92,23,87,0.48–0.53%,0.80–1.10%,,,,,0.70–0.90%,0.15–0.30%,US,,false
6168CrV,,Carbon,?,,58,80,21,84,0.65–0.75%,0.30–0.35%,,0.10–0.15%,,0.25%,0.60%,0.20%,CN,,false
62CrMoV6,,Carbon,,,53,83,25,85,0.60–0.65%,1.30–1.50%,0.25–0.30%,0.07–0.12%,,,0.40–0.60%,0.20–0.40%,DE,,false
67SiCr5,,Carbon,,,54,84,21,85,0.62–0.72%,0.40–0.60%,,,,,0.40–0.60%,1.20–1.40%,DE,,false
68Cr17,,Stainless,,,58,80,87,84,0.60–0.75%,16.00–18.00%,0.75%,,,,1.00%,1.00%,"Ni 0.60%, CN",,false
68GA,,Carbon,,,55,84,20,85,0.65–0.70%,0.12%,,,,,0.70–1.00%,0.15–0.25%,"Ni 0.20%, Cu 0.15%, RU",,false
6C27,,Stainless,Sandvik,,27,100,78,89,0.32%,13.70%,,,,,0.30%,0.20%,SE,,false
6Cr14MoV,,Stainless,Ahonest Changjiang,,51,84,77,86,0.58–0.62%,13.20–13.50%,0.10–0.30%,0.10–0.15%,,,0.30–0.60%,0.30–0.60%,CN,,false
70MnMoCr8,,Carbon,,,62,77,23,84,0.65–0.75%,0.90–1.20%,0.90–1.40%,,,,1.80–2.50%,0.10–0.50%,EU,,false
70X16MFS,,Stainless,Prommet-Stal,,56,82,84,84,0.70%,15.50–16.00%,,,,,,,RU,,false
71Si7,,Carbon,,,57,83,20,84,0.68–0.75%,,,,,,0.60–0.80%,1.50–1.80%,DE,,false
74CrW1,,Carbon,,,58,82,20,84,0.70–0.75%,0.20–0.30%,,,0.25%,,0.30–0.35%,0.20–0.25%,DE,,false
75Ni8,,Carbon,,,59,82,20,84,0.72–0.78%,0.00–0.15%,0.10%,,,,0.30–0.50%,0.15–0.35%,"Ni 1.80-2.10%, DE",,false
7C27Mo2,,Stainless,Sandvik,,36,93,77,88,0.38%,13.50%,1.00%,,,,0.55%,0.40%,SE,,false
7Cr13,,Semi-stainless,,,59,79,73,84,0.65–0.75%,11.00–13.50%,0.10–0.30%,0.10–0.25%,,,1.00%,1.00%,"Ni 0.20%, CN",,false
7Cr17,,Stainless,,,58,80,87,84,0.60–0.75%,16.00–18.00%,0.75%,,,,1.00%,1.00%,"Ni 0.60%, CN",,false
7Cr17MoV,,Stainless,,,58,80,87,84,0.60–0.75%,16.00–18.00%,0.75%,,,,1.00%,1.00%,"Ni 0.60%, CN",,false
7KHF,,Carbon,,,56,80,22,85,0.63–0.73%,0.40–0.70%,,0.15–0.30%,,,0.30–0.60%,0.15–0.35%,RU,,false
80CrV2,,Carbon,,,62,76,21,83,0.75–0.85%,0.40–0.60%,0.10%,0.15–0.25%,,,0.30–0.50%,0.15–0.30%,DE,,false
81MoCrV42-16,,Semi-stainless,,,61,65,36,83,0.77–0.85%,3.90–4.40%,4.00–4.50%,0.90–1.10%,,,0.40%,0.65%,DE,,false
85,,Carbon,,,62,81,20,83,0.82–0.90%,0.00–0.25%,,,,,0.50–0.80%,0.17–0.37%,RU,,false
85KH4M5F2V6L,,Semi-stainless,,,42,71,60,83,0.82–0.90%,3.80–4.40%,4.80–5.30%,1.70–2.10%,5.50–6.50%,,0.00–0.50%,0.00–0.50%,RU,,false
8670,,Carbon,,,57,82,21,84,0.64–0.75%,0.30–0.50%,0.08–0.15%,,,,0.40–0.60%,0.20–0.35%,"Ni 0.70-1.00%, US",,false
8A,,Carbon,,,23,100,21,89,0.15%,0.36%,0.44%,,,,1.03%,0.33%,JP,,false
8Cr13MoV,,Stainless,Ahonest Changjiang,,62,76,78,84,0.70–0.80%,13.00–14.50%,0.10–0.30%,0.10–0.25%,,,1.00%,1.00%,"Ni 0.20%, CN",,false
8Cr14MoV,,Stainless,Ahonest Changjiang,,64,76,78,83,0.75–0.80%,13.50–14.00%,0.20–0.25%,0.10–0.15%,,,0.50%,0.50%,CN,,false
8Cr17,,Stainless,,,72,71,87,82,0.75–0.95%,16.00–18.00%,0.75%,,,,1.00%,1.00%,CN,,false
8KHF,,Carbon,,,61,77,21,84,0.70–0.80%,0.40–0.70%,,0.15–0.30%,,,0.15–0.45%,0.10–0.40%,RU,,false
90Cr18MoV,,Stainless,,,77,66,89,81,0.85–0.95%,17.00–19.00%,1.00–1.30%,0.07–0.12%,,,0.80%,0.80%,"Ni 0.60%, CN",,false
90Cr3,,Carbon,,,64,79,21,82,0.85–0.95%,0.70–0.90%,,,,,0.20–0.40%,0.15–0.30%,DE,,false
90KH4M4F2V6L,,Semi-stainless,,,42,70,47,83,0.85–0.95%,3.00–4.00%,3.00–4.00%,2.00–2.60%,5.00–7.00%,,0.40–0.70%,0.20–0.40%,RU,,false
90MnCrV8,,Carbon,,,65,75,20,82,0.85–0.95%,0.20–0.50%,0.25–0.45%,0.05–0.20%,,,1.80–2.20%,0.10–0.40%,DE,,false
9255,,Carbon,,,45,89,20,86,0.51–0.59%,,,,,,0.70–0.95%,1.80–2.20%,US,,false
9260,,Carbon,,,48,87,20,86,0.56–0.64%,,,,,,0.75–1.00%,1.80–2.20%,US,,false
95Cr18,,Stainless,,,75,71,88,81,0.90–1.00%,17.00–19.00%,,,,,0.80%,0.80%,"Ni 0.60%, CN",,false
95MnWCr5,,Carbon,,,66,75,21,82,0.90–1.00%,0.40–0.65%,,0.05–0.20%,0.40–0.70%,,1.05–1.35%,0.10–0.40%,EU,,false
95X18,,Stainless,,,76,70,88,81,0.95–1.00%,17.00–19.00%,,,,,0.80%,0.80%,"Ni 0.60%, Cu 0.03%, RU",,false
99Cr18MoV,,Stainless,Ahonest Changjiang,,87,60,85,79,0.96–1.20%,16.00–18.00%,0.45%,0.12%,,,0.80%,0.80%,"Ni 0.60%, ESR, CN",,false
9Cr13CoMoV,,Stainless,Ahonest Changjiang,,71,71,77,82,0.85%,13.50%,0.20%,0.20%,,1.00%,1.00%,1.00%,CN,,false
9Cr14MoV,,Stainless,Ahonest Changjiang,,72,71,78,82,0.85–0.90%,13.50–14.00%,0.20–0.25%,0.10–0.15%,,,0.30–0.60%,0.30–0.60%,CN,,false
9Cr16MoV,,Stainless,,,77,67,84,81,0.95%,16.00%,0.50%,0.10%,,,0.30%,0.50%,"Ni 0.10%, CN",,false
9Cr18,,Stainless,,,75,71,88,81,0.90–1.00%,17.00–19.00%,,,,,0.80%,0.80%,"Ni 0.60%, CN",,false
9Cr18Mo,,Stainless,,,80,66,85,80,0.95–1.10%,16.00–18.00%,0.40–0.70%,,,,0.80%,0.80%,"Ni 0.60%, CN",,false
9Cr18MoV,,Stainless,,,77,66,89,81,0.85–0.95%,17.00–19.00%,1.00–1.30%,0.07–0.12%,,,0.80%,0.80%,"Ni 0.60%, CN",,false
9Cr2,,Carbon,,,64,78,22,83,0.80–0.95%,1.30–1.70%,,,,,0.40%,0.40%,CN,,false
9HS,,Carbon,,,65,76,22,82,0.85–0.95%,0.95–1.25%,0.00–0.20%,0.00–0.15%,0.00–0.20%,,0.30–0.60%,1.20–1.60%,RU,,false
9KH1,,Carbon,,,64,77,22,82,0.80–0.95%,1.40–1.70%,0.00–0.20%,,0.00–0.20%,,0.15–0.40%,0.25–0.45%,RU,,false
9KHF,,Carbon,,,63,76,21,83,0.80–0.90%,0.40–0.70%,,0.15–0.30%,,,0.30–0.60%,0.10–0.40%,"Ni 0.35%, Cu 0.30%, RU",,false
9KHFM,,Carbon,,,64,78,21,83,0.80–0.90%,0.40–0.70%,0.15–0.25%,,0.15–0.30%,,0.30–0.60%,0.10–0.40%,"Ni 0.40%, RU",,false
9SiCr,,Carbon,,,64,78,22,82,0.85–0.95%,0.90–1.25%,,,,0.00–1.00%,0.30–0.60%,1.20–1.60%,CN,,false
9X4M3F2AGST,,Carbon,,,59,63,36,83,0.87–0.97%,4.00–4.50%,2.70–3.20%,1.60–2.10%,0.00–0.60%,,0.55–0.75%,0.50–0.70%,"Ni 0.04-0.10%, RU",,false
9X5VF,,Carbon,,,71,69,36,82,0.85–1.00%,4.50–5.50%,,0.15–0.30%,0.80–1.20%,,0.15–0.45%,0.10–0.40%,RU,,false
A10,,Carbon,,,74,68,20,77,1.25–1.50%,,1.25–1.75%,,,,1.60–2.10%,1.00–1.50%,"Ni 1.55-2.05%, Cu 0.25%, US",,false
A11,,Semi-stainless,,,54,51,41,79,2.40–2.50%,4.75–5.75%,1.10–1.50%,9.25–10.25%,,,0.35–0.60%,0.75–1.10%,US,,false
A11 LVC,,Semi-stainless,Carpenter,,47,58,61,82,1.85%,5.30%,1.30%,9.00%,,,,,"MM, US",,false
A11 Mod,,Semi-stainless,PSM Industries,,54,51,41,79,2.45%,5.25%,1.30%,9.75%,,,0.50%,0.90%,DE,,false
A18,,Semi-stainless,,,46,71,52,86,0.80–0.85%,7.50–7.75%,1.25–1.55%,2.15–2.70%,,,0.35%,1.00%,US,,false
A2,,Carbon,,,75,65,36,81,0.95–1.05%,4.75–5.50%,0.90–1.40%,0.20–0.25%,,,0.60–1.00%,0.30–0.50%,"Ni 0.30%, Cu 0.25%, US",,false
A3,,Carbon,,,81,54,35,79,1.20–1.30%,4.75–5.50%,0.90–1.40%,0.80–1.40%,,,0.40–0.60%,0.50%,"Ni 0.30%, Cu 0.25%, US",,false
A4,,Carbon,,,71,70,22,81,0.95–1.05%,0.90–2.20%,0.90–1.40%,,,,1.80–2.20%,0.50%,US,,false
A6,,Carbon,,,62,76,23,84,0.65–0.75%,0.90–1.20%,1.40%,,,,1.80–2.50%,0.30%,US,,false
A7,,Semi-stainless,,,100,29,29,70,2.00–2.85%,5.00–5.75%,0.90–1.40%,3.90–5.15%,0.50–1.50%,,0.80%,0.50%,"Ni 0.30%, Cu 0.25%, US",,false
A8,,Semi-stainless,,,51,81,40,86,0.50–0.60%,4.75–5.50%,1.15–1.65%,,1.00–1.50%,,0.50%,0.75–1.10%,"Ni 0.30%, Cu 0.25%, US",,false
A9,,Carbon,,,36,83,40,87,0.45–0.55%,4.75–5.50%,1.30–1.80%,0.80–1.40%,,,0.50%,0.95–1.15%,"Ni 1.25-1.75%, Cu 0.25%, US",,false
Actium74Co,,Semi-stainless,Erasteel,,50,67,35,84,0.90%,3.90%,2.75%,1.80%,6.00%,2.00%,0.20–0.40%,,FR,,false
Acuto+,,Stainless,Aichi,,79,64,88,81,0.90–0.95%,17.00–18.00%,1.30–1.50%,0.10–0.25%,,,0.50%,0.50%,JP,,false
ACUTO440,,Stainless,Aichi,,75,68,88,82,0.80–0.95%,17.00–18.00%,1.00–1.25%,0.08–0.12%,,,0.25–0.40%,0.35–0.50%,JP,,false
AEB-H,,Stainless,Bohler-Uddeholm,,75,70,74,81,1.00%,13.50%,,,,,0.50%,,SE,,false
AEB-L,,Stainless,Bohler-Uddeholm,,54,84,76,85,0.67%,13.00%,,,,,0.60%,0.40%,SE,,false
Aldo W2,,Carbon,New Jersey Steel Baron,,64,77,20,82,0.916%,0.069%,,0.165%,,,0.215%,0.295%,US,,false
Alenox 18Cr,,Stainless,?,,77,67,89,81,0.90%,18.00%,1.10%,0.10%,,,,,FR,,false
Amtek D2,,Semi-stainless,Amtek Tool,,88,50,61,76,1.40–1.60%,11.00–13.00%,0.70–1.20%,0.50–1.10%,,1.00%,,0.10–0.60%,US,,false
AN-58,,Stainless,?,,37,94,77,88,0.45%,13.50%,0.01%,0.02%,,,0.49%,0.34%,US,,false
Ankar2,,Carbon,Bohler-Uddeholm,,54,84,20,85,0.67%,0.20%,,,,,0.50%,1.30%,SE,,false
Aogami 1A,,Semi-stainless,Hitachi,,72,70,21,78,1.30–1.40%,0.30–0.50%,,,1.50–2.00%,,0.20–0.30%,0.10–0.20%,JP,,false
APZ10 Ultrad,,Stainless PM,Aubert & Duval,,99,47,91,78,1.15%,19.00%,2.10%,0.60%,,,,,FR,,false
AR-RPM9,,Stainless,Artisan Cutlery,,77,67,89,81,0.90%,18.00%,1.00%,0.10%,,0.30%,0.45%,0.20–0.80%,"SF, CN",,false
ASP2004,,Semi-stainless,Erasteel,,45,63,53,81,1.40%,4.20%,5.00%,4.10%,5.80%,,,,FR,,false
ASP2005,,Semi-stainless,Erasteel,,69,50,35,80,1.50%,4.00%,2.50%,4.00%,2.50%,0.00–0.75%,0.20–0.40%,0.40–0.60%,FR,,false
ASP2009,,Semi-stainless,Erasteel,,47,58,61,81,1.90%,5.25%,1.30%,9.10%,,,,,FR,,false
ASP2011,,Semi-stainless,Erasteel,,54,51,41,79,2.45%,5.25%,1.30%,9.75%,,,,,FR,,false
ASP2012,,Semi-stainless,Erasteel,,37,77,55,86,0.57–0.63%,3.80–4.50%,1.80–2.40%,1.80–2.40%,1.40–1.80%,0.00–0.90%,0.20–0.40%,0.80–1.20%,FR,,false
ASP2015,,Semi-stainless,Erasteel,,46,62,40,81,1.55%,4.00%,,5.00%,12.00%,5.00%,0.20–0.40%,,FR,,false
ASP2017,,Semi-stainless,Erasteel,,58,64,35,85,0.80%,4.00%,3.00%,1.00%,3.00%,8.00%,0.20–0.40%,,"Nb 1.00%, PM",,false
ASP2023,,Semi-stainless,Erasteel,,44,64,97,84,1.26–1.31%,3.80–4.50%,4.75–5.25%,5.95–6.70%,2.90–3.20%,0.00–1.00%,0.20–0.40%,0.50–0.70%,FR,,false
ASP2040,,Semi-stainless,Erasteel,,43,66,100,85,1.10%,4.20%,3.00%,8.30%,,,0.20–0.40%,,"N 1.60%, FR",,false
ASP2052,,Semi-stainless,Erasteel,,46,61,51,80,1.60%,4.80%,2.00%,5.00%,10.50%,8.00%,0.20–0.40%,,FR,,false
ASP2053,,Semi-stainless,Erasteel,,70,42,36,76,2.45–2.50%,3.80–4.50%,2.90–3.30%,7.60–8.20%,3.90–4.30%,0.00–0.90%,0.20–0.50%,0.40–0.60%,FR,,false
ASP2055,,Semi-stainless,Erasteel,,59,54,35,79,1.69%,4.00%,4.60%,3.20%,6.30%,9.00%,0.20–0.40%,,"Nb 2.10%, FR",,false
ASP2060,,Semi-stainless,Erasteel,,58,50,36,77,2.28–2.33%,3.80–4.50%,6.75–7.25%,6.25–6.75%,6.30–6.70%,10.00–11.00%,0.20–0.40%,0.50–0.70%,FR,,false
ASP2078,,Semi-stainless,Erasteel,,58,50,36,77,2.28–2.33%,3.80–4.50%,6.75–7.25%,6.25–6.75%,6.30–6.70%,10.00–11.00%,0.20–0.40%,0.50–0.70%,FR,,false
ASP2080,,Semi-stainless,Erasteel,,48,54,99,79,2.42–2.48%,3.80–4.50%,4.80–5.30%,11.00–12.00%,6.20–6.50%,15.50–16.50%,0.20–0.40%,0.50–0.70%,FR,,false
ASPAPZ10,,Stainless PM,Erasteel,,99,47,91,78,1.15%,19.00%,2.10%,0.60%,,,,,FR,,false
ASPX818,,Stainless PM,Erasteel,,100,30,88,76,1.70%,18.00%,1.00%,3.00%,,,0.30%,0.80%,FR,,false
Assab PM 23 Superclean,,Semi-stainless,Assab,,47,64,36,81,1.28%,4.20%,5.00%,3.10%,6.40%,,,,SE,,false
Assab PM 30 Superclean,,Semi-stainless,Assab,,47,64,36,81,1.28%,4.20%,5.00%,3.10%,6.40%,8.50%,,,SE,,false
Assab PM 60 Superclean,,Semi-stainless,Assab,,57,51,36,77,2.30%,4.20%,7.00%,6.50%,6.50%,10.50%,,,SE,,false
ATS-314,,Stainless,Hitachi,,82,63,81,80,1.00%,15.00%,1.00%,0.10%,,1.40%,,,JP,,false
ATS-55,,Stainless,Hitachi,,78,67,76,80,1.00%,14.00%,0.60%,,,0.40%,0.50%,0.40%,"Cu 0.20%, JP",,false
AUS10Co,,Stainless,Steel-Import Co. Ltd,,76,68,76,81,0.97%,13.80%,0.22%,0.11%,,0.23%,0.68%,0.33%,CN,,false
AUS10M,,Stainless,Aichi,,78,67,75,80,0.95–1.10%,13.00–14.50%,0.20–1.00%,,,,0.50%,1.00%,JP,,false
AUS118,,Stainless,Aichi,,79,64,88,81,0.90–0.95%,17.00–18.00%,1.30–1.50%,0.10–0.25%,,,0.50%,0.50%,JP,,false
AUS4,,Stainless,Aichi,,35,96,78,88,0.40–0.45%,13.00–14.50%,,,,,1.00%,,"Ni 0.49%, JP",,false
AUS6,,Stainless,Aichi,,50,84,78,86,0.55–0.65%,13.00–14.50%,,0.10–0.25%,,,1.00%,1.00%,"Ni 0.49%, JP",,false
AUS60,,Stainless,Aichi,,58,80,87,84,0.60–0.75%,16.00–18.00%,0.75%,,,,1.00%,1.00%,"Ni 0.60%, JP",,false
AUS6M,,Stainless,Aichi,,47,86,78,87,0.55%,13.00–14.50%,0.10–0.30%,0.10–0.30%,,,1.00%,1.00%,"Ni 0.49%, JP",,false
B5Cr1,,Carbon,,,62,80,21,83,0.80–0.90%,0.30–0.45%,,,,,0.50–0.70%,0.30–0.50%,DE,,false
BA11,,Carbon,Bonomi Acciai,,34,96,27,88,0.35–0.45%,1.80–2.10%,0.15–0.25%,,,,1.30–1.60%,0.20–0.40%,IT,,false
BA12,,Carbon,Bonomi Acciai,,34,96,27,88,0.35–0.45%,1.80–2.10%,0.15–0.25%,,,,1.30–1.60%,0.20–0.40%,IT,,false
BA38,,Carbon,Bonomi Acciai,,34,96,27,88,0.35–0.45%,1.80–2.10%,0.15–0.25%,,,,1.30–1.60%,0.20–0.40%,"Ni 0.90-1.20%, IT",,false
BE2003,,Carbon,Bestar,,59,82,20,84,0.70–0.80%,0.30–0.40%,,,,,0.60–0.80%,0.25–0.50%,DE,,false
BE2360,,Semi-stainless,Bestar,,43,83,56,87,0.50%,8.50%,1.20%,0.50%,,,0.50%,0.90%,DE,,false
BE2391,,Stainless,Bestar,,51,71,79,86,0.76–0.81%,13.50–14.50%,0.55–0.70%,1.65–1.85%,,,0.30–0.50%,0.15–0.36%,DE,,false
BE48V,,Semi-stainless,Bestar,,43,83,56,87,0.45–0.55%,8.00–9.00%,1.10–1.30%,0.40–0.60%,,,0.40–0.60%,0.80–1.00%,DE,,false
BE86,,Carbon,Bestar,,58,82,21,84,0.70–0.74%,0.35–0.50%,0.05–0.10%,,,,0.40–0.60%,0.20–0.35%,"Ni 0.75-1.00%, DE",,false
BECUT,,Stainless,Bestar,,53,72,80,85,0.72%,14.50%,1.90%,0.60%,,,0.45%,0.45%,"Nb 0.80%, DE",,false
BG42,,Stainless,Latrobe,,85,50,80,79,1.15%,14.50%,4.00%,1.20%,,,0.50%,0.30%,US,,false
Bimax42+,,Semi-stainless,Erasteel,,46,67,31,81,1.08%,3.08%,9.40%,1.80%,1.05%,8.00%,0.20–0.40%,,FR,,false
BRCMO,,Semi-stainless,Metal Ravne,,42,69,36,85,0.91%,4.15%,,6.30%,,4.75%,0.40%,,"Ni 1.90%, SI",,false
BRM1,,Semi-stainless,Metal Ravne,,42,72,50,83,0.81%,3.80%,8.55%,1.20%,1.68%,0.15%,0.32%,0.19%,"Ni 0.29%, Cu 0.23%, SI",,false
BSM971,,Carbon,?,,59,82,20,84,0.77%,0.19%,0.001%,,,,0.73%,0.22%,"Ni 0.018%, Cu 0.012%, UK",,false
C120U,,Carbon,,,67,77,20,80,1.15–1.25%,,,,,,0.10–0.40%,0.10–0.30%,EU,,false
C125U,,Carbon,,,68,76,20,79,1.20–1.35%,,,,,,0.10–0.35%,0.10–0.30%,EU,,false
C135,,Carbon,,,68,75,20,78,1.30–1.35%,,,,,,0.10–0.40%,0.10–0.30%,FR,,false
C135U,,Carbon,,,69,75,20,78,1.30–1.45%,,,,,,0.10–0.35%,0.10–0.30%,DE,,false
C45R,,Carbon,Saarstahl,,37,94,20,88,0.45%,,,,,,0.65%,0.25%,DE,,false
C45U,,Carbon,,,38,94,20,88,0.42–0.50%,,,,,,0.60–0.80%,0.15–0.40%,EU,,false
C60,,Carbon,,,49,87,20,85,0.57–0.65%,,,,,,0.60–0.90%,0.15–0.35%,DE,,false
C75W,,Carbon,,,59,83,20,84,0.72–0.82%,,,,,,0.60–0.80%,0.15–0.40%,DE,,false
C8,,Semi-stainless,Erasteel,,53,64,35,82,1.05%,4.00%,6.00%,1.60%,5.00%,7.80%,0.20–0.40%,,FR,,false
C80W1,,Carbon,,,60,82,20,83,0.75–0.85%,,,,,,0.10–0.25%,0.10–0.25%,DE,,false
C90U,,Carbon,,,63,81,20,82,0.85–0.95%,,,,,,0.10–0.40%,0.10–0.30%,DE,,false
Caldie,,Semi-stainless,Bohler-Uddeholm,,58,72,40,84,0.70%,5.00%,2.30%,0.50%,,,0.50%,0.20%,SE,,false
Calmax,,Carbon,Bohler-Uddeholm,,52,82,37,86,0.60%,4.50%,0.50%,0.20%,,,0.80%,0.35%,SE,,false
Carpenter O6,,Carbon,Carpenter,,70,73,20,77,1.45%,,0.25%,,,,0.85%,1.00%,US,,false
Case Chrome Vanadium,,Carbon,Crucible,,64,76,21,83,0.86%,0.65%,,0.22%,,,0.68%,0.24%,US,,false
Chipper,,Carbon,Bethlehem,,48,84,39,86,0.51%,4.80%,1.99%,,,,0.34%,0.40%,"Ni 0.32%, US",,false
Chromino 100,,Stainless,Ambo-Stahl-Gesellschaft,,76,66,86,82,0.85–0.95%,15.50–17.50%,0.40–0.60%,0.20–0.30%,,1.20–1.80%,1.00%,1.00%,DE,,false
CK101,,Carbon,,,65,79,20,82,0.95–1.05%,,,,,,0.40–0.60%,0.15–0.35%,DE,,false
Ck45,,Carbon,,,38,94,20,88,0.42–0.50%,,,,,,0.60–0.80%,0.15–0.40%,DE,,false
Ck55,,Carbon,,,45,89,20,86,0.52–0.60%,,,,,,0.60–0.90%,0.15–0.35%,DE,,false
CK67,,Carbon,,,55,84,20,85,0.65–0.72%,,,,,,0.60–0.90%,0.15–0.35%,DE,,false
CK75,,Carbon,,,58,83,20,84,0.70–0.80%,,,,,,0.60–0.90%,0.15–0.35%,DE,,false
Corsair,,Semi-stainless,Latrobe,,43,68,49,82,1.02%,4.10%,5.00%,2.40%,6.00%,,0.25%,0.30%,US,,false
CoS3,,Stainless,Takefu,,88,57,84,79,0.95–1.15%,15.00–17.00%,1.00–2.00%,0.20–0.30%,0.20–0.30%,2.00–3.00%,0.30–0.50%,0.60–0.70%,"Ni 0.25%, JP",,false
Cowry-X,,Stainless PM,Daido,,100,34,59,67,3.00%,20.00%,1.00%,0.30%,,,,,JP,,false
Cowry-Y,,Stainless PM,Daido,,95,43,80,79,1.20%,14.50%,4.00%,1.20%,,,0.50%,0.30%,JP,,false
CP72,,Semi-stainless,Dorrenberg,,83,53,52,80,1.10%,7.50%,1.50%,1.10%,2.10%,,,,DE,,false
CP8E,,Semi-stainless,Dorrenberg,,75,66,53,81,0.85%,7.70%,2.30%,,,,1.50%,,DE,,false
CPM 10V,,Semi-stainless,Crucible,,60,47,41,82,2.45%,5.25%,1.30%,9.75%,,,0.50%,0.90%,"CPM, US",,false
CPM 15V,,Semi-stainless,Crucible,,57,45,64,81,3.40%,5.25%,1.30%,14.50–14.90%,0.40%,,0.50%,0.90%,"CPM, US",,false
CPM 1V,,Semi-stainless,Crucible,,46,74,37,87,0.55%,4.50%,2.75%,1.00%,2.15%,,,,"CPM, US",,false
CPM 3V,,Semi-stainless,Crucible,,44,70,52,87,0.80%,7.50%,1.30%,2.75–3.00%,0.40%,,0.40%,0.90%,"CPM, US",,false
CPM 4V,,Semi-stainless,Crucible,,70,51,40,82,1.35%,5.00%,2.95%,3.85%,,,0.40%,0.80%,"CPM, US",,false
CPM 9V,,Semi-stainless,Crucible,,53,54,64,84,1.90%,5.25%,1.30%,9.00–9.10%,0.40%,,0.50%,0.90%,"CPM, US",,false
CPM D2,,Semi-stainless,Crucible,,94,47,58,77,1.55%,11.50–12.00%,0.90–0.95%,0.80%,,,0.40%,0.40%,"CPM, US",,false
CPM M35,,Semi-stainless,Crucible,,49,65,35,85,0.98%,4.05%,5.00%,2.00%,6.00%,5.00%,0.70%,0.40%,"CPM, US",,false
CPM M4,,Semi-stainless,Crucible,,51,60,45,84,1.40–1.42%,4.00%,5.20–5.25%,4.00%,5.50%,,0.30%,0.55%,"CPM, US",,false
CPM MagnaCut,,Semi-stainless,Crucible,,50,62,93,86,1.15%,10.70%,2.00%,4.00%,,,0.50%,0.40%,"Nb 2.00%, N 0.20%, CPM, US",,false
CPM MPL-1,,Stainless PM,Crucible,,100,8,94,68,3.75–3.80%,24.00–24.20%,3.00%,9.00–9.10%,0.40%,,0.45–0.50%,0.50%,"CPM, US",,false
CPM Rex 121,,Semi-stainless,Crucible,,96,23,35,73,3.40%,4.00%,5.00%,9.50%,10.00%,9.00%,,,"CPM, US",,false
CPM Rex 20,,Semi-stainless,Crucible,,51,61,39,83,1.30–1.32%,3.75%,10.50%,2.00%,6.25%,,0.30%,0.30%,"CPM, US",,false
CPM Rex 45,,Semi-stainless,Crucible,,56,59,35,84,1.30%,4.05%,5.00%,3.05%,6.25%,8.00%,0.30%,0.50%,"CPM, US",,false
CPM Rex 54,,Semi-stainless,Crucible,,59,55,35,83,1.48%,4.00%,5.00%,3.75%,5.50%,5.00%,,,"CPM, US",,false
CPM Rex 66,,Semi-stainless,Crucible,,60,53,38,83,1.67%,4.75%,2.00%,4.80%,9.50%,8.00%,,0.06%,"CPM, US",,false
CPM Rex 76,,Semi-stainless,Crucible,,61,54,34,82,1.50%,3.75%,5.25%,3.10%,9.75%,8.50%,0.30%,0.30%,"CPM, US",,false
CPM Rex 86,,Semi-stainless,Crucible,,67,47,35,80,2.00%,4.00%,5.00%,5.00%,10.00%,9.00%,,0.12%,"CPM, US",,false
CPM Rex T15,,Semi-stainless,Crucible,,56,55,35,84,1.60%,4.00%,,4.90%,12.00%,5.00%,0.30%,0.30%,"CPM, US",,false
CPM S110V,,Stainless PM,Crucible,,67,42,83,80,2.80%,15.25%,2.25%,9.00%,,2.50%,,,"Nb 3.00%, CPM, US",,false
CPM S125V,,Stainless PM,Crucible,,75,35,79,78,3.25%,14.00%,2.50%,12.00%,0.40%,,0.50%,0.90%,"CPM, US",,false
CPM S140V,,Stainless PM,Crucible,,57,45,84,81,3.45%,14.00%,1.00%,14.50%,,,,,"CPM, US",,false
CPM S30V,,Stainless PM,Crucible,,80,44,87,81,1.45–1.48%,14.00%,2.00%,4.00%,0.10–0.40%,,0.50%,0.50%,"N 0.20%, CPM, US",,false
CPM S35VN,,Stainless PM,Crucible,,79,47,79,81,1.34%,14.00%,2.00%,3.00%,0.40%,0.00–0.50%,0.50%,0.50%,"Ni 0.10-0.40%, Nb 0.50%, CPM, US",,false
CPM S45VN,,Stainless PM,Crucible,,90,40,90,79,1.48%,16.00%,2.00%,3.00%,,,,,"Nb 0.50%, N 0.15%, CPM, US",,false
CPM S60V,,Stainless PM,Crucible,,100,21,87,75,2.15%,17.00%,1.00%,5.50%,,,0.40%,0.40%,"CPM, US",,false
CPM S90V,,Stainless PM,Crucible,,64,46,79,82,2.30%,14.00%,1.00%,8.75–9.00%,0.40%,,0.50%,0.50%,"CPM, US",,false
CPM SPY27,,Stainless PM,Crucible,,83,47,84,81,1.25%,14.00%,2.00%,2.00%,,1.50%,0.50%,0.50%,"Nb 1.00%, N 0.10%, CPM, US",,false
CPM154,,Stainless PM,Crucible,,95,49,78,78,1.05%,13.50–14.00%,4.00%,0.00–0.40%,0.00–0.40%,,0.50%,0.80%,"CPM, US",,false
CPOH,,Semi-stainless,Dorrenberg,,72,70,48,81,1.00%,8.00%,0.30%,,,,2.50%,,DE,,false
CPR,,Semi-stainless,Dorrenberg,,83,49,72,79,1.20%,12.00%,1.40%,1.70%,2.50%,,,,DE,,false
CPV4,,Semi-stainless,Dorrenberg,,100,31,63,72,2.10%,12.00%,0.80%,3.80%,,,,,DE,,false
CR-10,,Stainless,Ahonest Changjiang,,89,57,81,80,0.95–1.05%,14.50–15.50%,0.80–1.20%,0.25–0.35%,,1.30–1.80%,0.30–0.50%,0.00–0.45%,"ESR, CN",,false
Cr12MoV,,Semi-stainless,,,83,57,52,75,1.57%,11.65%,0.41%,0.17%,,,0.27%,,"Ni 0.16%, CN",,false
Cr17,,Stainless,,,19,100,87,89,0.12%,16.00–18.00%,,,,,1.00%,1.00%,"Ni 0.60%, CN",,false
Cr4W2MoV,,Semi-stainless,,,83,53,32,79,1.12–1.25%,3.50–4.00%,0.80–1.20%,0.80–1.10%,1.90–2.60%,,0.40%,0.40–0.70%,"Nb 0.20-0.35%, CN",,false
Cr8Mo1VSi,,Semi-stainless,,,81,60,53,80,0.90–1.10%,7.50–8.50%,1.80–2.20%,0.20–0.50%,,,0.00–0.40%,0.80–1.20%,CN,,false
CRB-7,,Stainless,Carpenter,,84,53,79,80,1.10%,14.00%,2.00%,1.00%,,,0.40%,0.30%,US,,false
CrMo4,,Carbon,,,23,100,23,89,0.22–0.28%,0.90–1.20%,0.15–0.30%,,,,0.60–0.90%,0.40%,DE,,false
CrMoV6,,Carbon,Saarstahl,,53,83,25,85,0.60–0.65%,1.30–1.50%,0.25–0.30%,0.07–0.12%,,,0.40–0.60%,0.20–0.40%,DE,,false
Cromax PM,,Stainless PM,Lohmann,,100,44,93,78,1.25%,19.00%,2.10%,0.80%,,,,,"N 0.10%, DE",,false
CROMOVA 18,,Stainless,Yoshikin,,76,66,88,81,0.75–1.05%,17.30%,1.12%,0.14%,0.00–0.14%,,0.40%,0.48%,"Ni 0.18%, Cu 0.0235%, JP",,false
Cronidur 30,,Stainless,Krupp,,30,97,94,88,0.25–0.35%,14.00–16.00%,0.85–1.10%,,,,1.00%,0.40–1.00%,"Ni 0.50%, N 0.30-0.50%, DE",,false
Cru Forge V,,Carbon,Crucible,,69,67,21,82,1.05%,0.50%,,0.75%,,,0.75%,,US,,false
Cru-Wear,,Semi-stainless,Crucible,,73,53,50,83,1.10%,7.25%,1.60%,2.40%,1.15%,,,1.20%,"CPM, US",,false
Crusader,,Semi-stainless,Latrobe,,44,66,39,82,1.20%,4.10%,5.00%,3.00%,6.00%,,0.25%,0.30%,US,,false
CRV,,Semi-stainless,Metal Ravne,,78,64,61,81,1.00%,10.00%,1.05%,0.25%,,,0.30%,0.50%,SI,,false
CRV1,,Semi-stainless,Metal Ravne,,75,60,69,82,0.96–0.98%,11.30–11.50%,0.90–0.98%,0.90–0.92%,,,0.24–0.30%,0.17–0.30%,"Ni 0.15%, Cu 0.13%, SI",,false
CRV2,,Semi-stainless,Metal Ravne,,47,85,56,86,0.50%,8.50%,1.20%,,1.20%,,0.50%,0.90%,SI,,false
CRV3,,Semi-stainless,Metal Ravne,,80,52,70,80,1.15%,11.46%,1.36%,1.60%,2.40%,,0.32%,0.37%,"Ni 0.20%, Cu 0.23%, SI",,false
CTS-204P,,Stainless,Carpenter,,100,27,92,74,1.90%,20.00%,1.00%,4.00%,0.65%,,0.35%,0.60%,"MM, US",,false
CTS-B52,,Carbon,Carpenter,,66,76,22,81,1.00%,1.40%,,,,,0.30%,0.25%,"VIM, US",,false
CTS-B70P,,Stainless PM,Carpenter,,88,50,79,80,1.10%,14.00%,2.00%,1.00%,,,0.40%,0.30%,"Nb 0.25%, US",,false
CTS-B75,,Stainless,Carpenter,,84,50,80,79,1.15%,14.40%,3.95%,1.25%,,,0.50%,0.30%,"VIM, US",,false
CTS-B90,,Stainless,Carpenter,,70,67,89,83,0.85%,18.00%,1.10%,0.50%,,,0.50%,0.40%,US,,false
CTS-BD1,,Stainless,Carpenter,,74,70,84,82,0.90%,15.75%,0.30%,0.10%,,,0.60%,0.37%,US,,false
CTS-BD1N,,Stainless,Carpenter,,73,71,89,82,0.80–0.95%,15.00–17.00%,0.50%,,,,1.00%,1.00%,"N 0.10-0.15%, US",,false
CTS-BD30P,,Stainless PM,Carpenter,,83,42,79,80,1.50%,14.00%,2.00%,4.00%,,,1.00%,1.00%,US,,false
CTS-BD4P,,Stainless PM,Carpenter,,94,50,79,79,1.00–1.05%,14.00%,4.00%,0.10%,0.10%,,0.50–1.00%,1.00%,US,,false
CTS-BDZ1,,Semi-stainless,Carpenter,,58,80,76,84,0.60–0.75%,12.50–13.50%,0.75%,,,,1.00%,1.00%,US,,false
CTS-XHP,,Stainless,Carpenter,,90,51,74,74,1.60%,16.00%,0.80%,0.45%,,,0.50%,0.40%,"Ni 0.35%, MM, US",,false
D1,,Semi-stainless,,,79,61,71,81,0.90–1.10%,11.50–12.50%,0.70–0.80%,0.30–0.80%,,,0.20–0.40%,0.10–0.40%,US,,false
D2,,Semi-stainless,,,88,50,59,76,1.50–1.60%,11.50–12.00%,0.60–0.90%,0.90–1.10%,,,0.15–0.45%,0.10–0.40%,US,,false
D3,,Semi-stainless,,,91,45,45,69,2.00–2.35%,11.00–13.50%,,1.00%,1.00%,,0.60%,0.60%,"Ni 0.30%, Cu 0.25%, US",,false
D4,,Semi-stainless,,,92,43,43,68,2.05–2.40%,11.00–13.00%,0.70–1.20%,1.00%,,,0.60%,0.60%,"Ni 0.30%, Cu 0.25%, US",,false
D5,,Semi-stainless,,,91,48,62,75,1.40–1.60%,11.00–13.00%,0.70–1.20%,1.00%,,2.50–3.50%,0.60%,0.60%,"Ni 0.30%, Cu 0.25%, US",,false
D6,,Semi-stainless,,,89,49,41,69,2.00–2.25%,11.00–13.00%,0.20–0.60%,0.15–0.30%,0.80–1.25%,,0.33%,0.20–0.40%,US,,false
D6A,,Carbon,,,43,87,23,87,0.45–0.50%,0.90–1.20%,0.90–1.10%,0.08–0.15%,,,0.60–0.90%,0.15–0.30%,"Ni 0.40-0.70%, DE",,false
D7,,Semi-stainless,,,100,29,62,70,2.15–2.50%,11.50–13.50%,0.70–1.20%,3.80–4.40%,,,0.40–0.60%,0.40–0.60%,"Ni 0.30%, US",,false
DAC,,Semi-stainless,Hitachi,,32,87,40,87,0.39%,5.15%,1.40%,0.80%,,,0.40%,1.00%,JP,,false
Dauphinox T10MC,,Stainless,Bonpertuis,,80,66,80,80,1.00%,15.00%,0.80%,,,1.00%,,,FR,,false
Dauphinox T5,,Stainless,Bonpertuis,,41,92,79,87,0.50%,14.00%,,,,,,,FR,,false
DBL,,Semi-stainless,Allegheny Ludlum,,44,71,35,84,0.80%,4.00%,3.50–4.00%,1.50%,5.50%,,,0.50–0.80%,US,,false
DBL2,,Semi-stainless,Allegheny Ludlum,,42,72,77,84,0.80%,4.00%,5.00%,2.00%,6.00%,,0.30%,0.30%,US,,false
DC53,,Semi-stainless,Daido,,80,60,52,80,1.00%,8.00%,2.00%,0.30%,,,0.40%,1.00%,JP,,false
DEX20,,Semi-stainless,Daido,,50,62,35,81,1.30%,4.00%,5.00%,3.00%,6.50%,,0.30%,0.30%,JP,,false
DEX40,,Semi-stainless,Daido,,50,62,35,81,1.30%,4.00%,5.00%,3.00%,6.50%,8.00%,0.30%,0.30%,JP,,false
DEX60,,Semi-stainless,Daido,,46,60,59,79,1.70%,4.00%,2.00%,5.00%,15.00%,8.00%,0.30%,0.30%,JP,,false
DEX80,,Semi-stainless,Daido,,48,57,42,76,2.10%,4.00%,6.00%,5.50%,14.00%,12.00%,0.30%,0.30%,JP,,false
DHA1,,Carbon,Daido,,33,86,40,87,0.32–0.42%,4.50–5.50%,1.00–1.50%,0.80–1.20%,,,0.50%,0.80–1.20%,JP,,false
DI37,,Semi-stainless,UkrNIISpecStal,,65,58,34,83,1.05–1.15%,3.50–4.20%,0.30–0.50%,2.30–2.80%,2.00–2.70%,,0.20–0.50%,1.40–1.80%,UA,,false
DI90-MP,,Semi-stainless,UkrNIISpecStal,,70,48,42,80,1.60–1.75%,5.20–5.70%,0.30–0.60%,4.80–5.50%,2.80–3.50%,0.00–1.00%,0.60%,1.70–2.10%,UA,,false
DM1,,Carbon,Camillus,,65,75,21,82,0.95%,0.45%,,0.19%,,,0.46%,,US,,false
Double Six,,Semi-stainless,Latrobe,,42,71,61,83,0.85%,4.15%,5.00%,1.85%,6.15%,,0.28%,0.30%,US,,false
DSR1K11,,Stainless,Daido,,78,65,72,80,1.10%,13.50%,0.13%,0.13%,,,0.00–1.00%,0.00–1.00%,JP,,false
DSR1K9,,Stainless,Daido,,73,71,76,82,0.90%,13.50%,0.13%,0.13%,,,0.00–1.00%,0.00–1.00%,JP,,false
DSR7,,Semi-stainless,Daido,,56,82,72,84,0.70%,12.00%,,,,,0.50%,0.60%,JP,,false
DSR7F,,Semi-stainless,Daido,,56,82,72,84,0.70%,12.00%,,,,,,,JP,,false
DuraTech 20CV,,Stainless PM,Latrobe,,100,23,92,75,1.90%,20.00%,1.00%,4.00%,0.60%,,0.30%,0.30%,US,,false
DuraTech 30,,Semi-stainless,Latrobe,,49,63,36,81,1.30%,4.10%,5.00%,3.10%,6.25%,8.00%,0.30%,0.50%,US,,false
DuraTech 420PM,,Semi-stainless,Latrobe,,48,55,77,80,2.25%,12.75%,1.35%,9.25%,,,0.50%,0.90%,US,,false
DuraTech A11,,Semi-stainless,Latrobe,,53,52,42,79,2.45%,5.45%,1.35%,9.80%,,,0.50%,0.90%,US,,false
DuraTech M4,,Semi-stainless,Latrobe,,48,62,37,81,1.45%,4.50%,5.20%,3.85%,5.50%,,0.25%,0.25%,US,,false
DuraTech Mega4,,Semi-stainless,Latrobe,,69,50,35,80,1.50%,4.00%,2.50%,4.00%,2.50%,,,,US,,false
DuraTech Nine,,Semi-stainless,Latrobe,,47,58,63,81,1.90%,5.25%,1.35%,9.00%,0.00–0.40%,,0.50%,0.90%,US,,false
DuraTech Pyrovan HC,,Semi-stainless,Latrobe,,44,71,40,85,0.85%,5.00%,1.35%,2.75%,,,0.30%,1.00%,US,,false
DuraTech T15,,Semi-stainless,Latrobe,,46,61,43,80,1.60%,4.25%,0.75%,5.00%,12.25%,5.00%,0.30%,0.30%,US,,false
DuraTech Xtreme,,Semi-stainless,Latrobe,,40,78,35,85,0.55%,4.00%,4.25%,1.00%,,,0.40%,0.50%,"Ni 0.50%, US",,false
Dynamax,,Semi-stainless,Latrobe,,55,63,34,81,1.08%,3.85%,9.50%,1.20%,1.50%,8.00%,,0.45%,US,,false
E1.30%,,Carbon,Outokumpu,,68,76,20,79,1.20–1.30%,0.10–0.40%,,,,,0.20–0.45%,0.10–0.35%,UK,,false
E945,,Semi-stainless,Erasteel,,61,63,34,82,0.91%,3.70%,5.00%,1.20%,1.80%,2.50%,0.20–0.40%,,FR,,false
EI107,,Semi-stainless,,,37,93,62,88,0.35–0.45%,9.00–10.50%,0.70–0.90%,,,,0.80%,1.90–2.60%,"Ni 0.60%, RU",,false
Elmax,,Stainless PM,Bohler-Uddeholm,,100,30,88,76,1.70%,18.00%,1.00%,3.00%,,,0.30%,0.80%,SE,,false
Elmax2,,Stainless PM,Bohler-Uddeholm,,100,16,90,71,2.70%,21.00%,1.70%,5.50%,,,,,SE,,false
EMATII,,Semi-stainless,Erasteel,,51,70,35,84,0.72%,4.00%,5.00%,1.00%,1.00%,8.00%,0.20–0.40%,,FR,,false
EPS62So,,Semi-stainless,Ossenberg,,57,74,41,85,0.68%,5.25%,1.40%,0.50%,,,0.40%,1.00%,DE,,false
F.3422,,Stainless,,,44,87,80,87,0.45–0.55%,14.00–15.00%,0.50–0.80%,0.10–0.20%,,,1.00%,0.50–1.00%,ES,,false
F1,,Semi-stainless,,,69,74,20,80,0.95–1.25%,,,,1.00–1.75%,,0.00–0.50%,0.10–0.50%,US,,false
F2,,Semi-stainless,,,77,62,20,78,1.30%,0.30%,0.30%,0.25%,3.50%,,0.25–0.30%,0.25%,US,,false
F3,,Semi-stainless,,,76,65,21,77,1.25–1.40%,0.50–1.00%,,,3.50–4.00%,,0.10–0.40%,0.10–0.40%,US,,false
F8,,Semi-stainless,,,89,50,29,76,1.30%,4.00%,0.30%,0.25%,8.00%,,,0.50%,US,,false
FAX18,,Semi-stainless,Nachi Fujikoshi,,60,61,35,80,1.10%,4.00%,9.50%,1.00%,1.50%,8.00%,,,JP,,false
FC-61,,Stainless,Sandvik,,55,83,76,85,0.68%,13.00%,,,,,0.70%,0.40%,SE,,false
Finemac,,Carbon,Sandvik,,65,78,21,81,1.00%,0.45%,,,,,0.50%,0.27%,SE,,false
G10200,,Carbon,,,19,100,20,89,0.18–0.23%,,,,,,0.30–0.60%,,US,,false
G10530,,Carbon,,,42,91,20,87,0.48–0.55%,,,,,,0.70–1.00%,,US,,false
GIN-1,,Stainless,Hitachi,,71,73,85,82,0.80–0.90%,15.00–17.00%,0.30–0.50%,,,,0.45–0.75%,0.35%,JP,,false
GIN-5,,Semi-stainless,Hitachi,,52,85,76,85,0.60–0.70%,12.50–13.50%,,,,,0.60–0.80%,0.35%,JP,,false
GIN3,,Stainless,Hitachi,,76,69,74,80,0.95–1.10%,13.00–14.50%,,,,,0.60–1.00%,0.35%,JP,,false
GNiCr40Al4,,Stainless,,,19,100,100,89,,40.00%,,,,,,,"Ni 55.00%, CN",,false
GO4,,Carbon,Daido,,69,71,21,82,0.85%,1.00%,1.40%,,,,2.00%,0.30%,"Ni 0.25%, JP",,false
Gokinko,,Semi-stainless,?,,72,69,46,81,0.99%,7.00%,0.30%,0.12–0.13%,0.21%,,0.30%,0.25%,"Ni 0.094%, Cu 0.021%, N 0.032%, JP",,false
GPM440,,Stainless PM,Geruk,,100,20,88,75,2.20%,17.50%,0.50%,5.80%,,,,,DE,,false
Guldimann-Stahl,,Carbon,,,73,66,20,78,1.35%,0.30%,0.50%,0.10%,0.80%,,1.00%,0.30%,"Nb 0.60%, VIM, DE",,false
H1,,Stainless,Myodo,,26,100,86,88,0.15%,14.00–16.00%,0.50–1.50%,,,,2.00%,3.00–4.50%,"Ni 6.00-8.00%, Cu 0.10%, N 0.10%, JP",,false
H11,,Carbon,,,34,89,40,88,0.33–0.43%,4.75–5.50%,1.10–1.60%,0.30–0.60%,,,0.20–0.50%,0.80–1.20%,US,,false
H13,,Carbon,,,33,85,40,87,0.32–0.45%,4.75–5.50%,1.10–1.75%,0.80–1.20%,,,0.20–0.50%,0.80–1.20%,"Ni 0.30%, Cu 0.25%, US",,false
H34A,,Carbon,Hitachi,,19,100,20,89,,,,,,,,,JP,,false
Hampden Tool Steel,,Semi-stainless,Carpenter,,85,54,41,69,2.10%,12.00%,,,,,0.35%,0.30%,"Ni 0.50%, US",,false
HAP10,,Semi-stainless,Hitachi,,45,64,68,82,1.30%,5.00%,6.00%,4.00%,3.00%,,,,JP,,false
HAP50,,Semi-stainless,Hitachi,,46,62,36,79,1.54–1.64%,3.70–4.70%,5.50–6.50%,3.80–4.30%,7.50–8.50%,7.50–8.50%,,,JP,,false
HAP5R,,Semi-stainless,Hitachi,,42,70,51,84,0.90%,4.30%,3.00%,3.00%,2.00%,,,0.080%,JP,,false
HAP72,,Semi-stainless,Hitachi,,55,53,35,77,2.10%,4.00%,8.20%,5.00%,9.50%,9.50%,,,JP,,false
Hotvar,,Carbon,Bohler-Uddeholm,,43,79,29,87,0.55%,2.60%,2.25%,0.85%,,,0.75%,,SE,,false
HS-30,,Semi-stainless,Carpenter,,46,64,36,81,1.27%,4.20%,5.00%,3.10%,6.25%,8.50%,0.30%,0.55%,"MM, US",,false
HS-60,,Semi-stainless,Carpenter,,60,49,35,76,2.30%,4.00%,6.90%,6.40%,6.40%,10.30%,,,"MM, US",,false
HS10-4-3-10,,Semi-stainless,,,45,65,42,81,1.20–1.35%,3.80–4.50%,3.20–3.90%,3.00–3.50%,9.00–10.00%,9.50–10.50%,0.40%,0.45%,"Cu 0.25%, EU",,false
HS12-1-2-3,,Semi-stainless,,,42,72,53,84,0.77–0.85%,3.80–4.50%,0.70–1.00%,1.70–2.00%,11.50–12.50%,2.50–3.00%,0.00–0.40%,0.00–0.45%,EU,,false
HS2-9-1-8,,Semi-stainless,,,56,63,35,81,1.00–1.15%,3.50–4.50%,9.00–10.00%,0.90–1.30%,1.20–1.90%,7.50–8.50%,0.70%,0.45%,EU,,false
HS2-9-2,,Semi-stainless,,,43,69,51,82,0.95–1.05%,3.50–4.50%,8.20–9.20%,1.70–2.20%,1.50–2.10%,,0.40%,0.70%,EU,,false
HS29XL,,Semi-stainless,Latrobe,,45,68,36,82,0.98%,4.15%,5.00%,1.85%,6.15%,,0.28%,0.30%,US,,false
HS52R,,Semi-stainless,Nachi Fujikoshi,,50,66,35,83,1.00%,4.00%,3.50%,1.80%,8.00%,8.00%,,,JP,,false
HS6-5-2,,Semi-stainless,,,42,71,66,83,0.80–0.88%,3.80–4.50%,4.70–5.20%,1.70–2.10%,5.90–6.70%,,,0.00–0.45%,IT,,false
HS6-5-2-8,,Semi-stainless,,,72,50,36,78,1.40–1.50%,4.00–4.50%,4.70–5.20%,2.20–2.60%,6.00–6.70%,7.50–8.60%,0.20–0.40%,0.20–0.40%,EU,,false
HS6-6-2,,Semi-stainless,,,44,68,56,82,1.00–1.10%,3.80–4.50%,5.50–5.60%,2.30–2.60%,5.90–6.70%,,0.40%,0.45%,EU,,false
HS654,,Semi-stainless,,,45,64,61,82,1.25–1.40%,3.80–4.50%,4.50–5.50%,3.70–4.20%,5.20–6.00%,,0.40%,0.45%,EU,,false
Inconel 718,,Stainless,Special Metals Corporation,,23,100,99,89,0.00–0.08%,17.00–21.00%,2.80–3.30%,,,0.00–1.00%,0.00–0.35%,0.00–0.35%,"Ni 50.00-55.00%, Nb 4.75-5.50%, US",,false
INFI,,Semi-stainless,Busse,,55,78,55,85,0.64%,8.12%,0.85%,0.33%,,,,0.63%,US,,false
INFI(Pre 2002),,Semi-stainless,Busse,,45,83,63,87,0.50%,8.25%,1.30%,0.36%,,0.95%,,,"Ni 0.74%, N 0.11%, US",,false
INOX-1-42-MOVA,,Stainless,,,46,86,80,87,0.53%,14.50%,0.50%,0.10–0.20%,,,0.50%,0.35%,ES,,false
K190,,Semi-stainless,Bohler-Uddeholm,,100,29,62,70,2.30%,12.50%,1.10%,4.00%,,,0.30%,0.60%,SE,,false
K245,,Carbon,Bohler-Uddeholm,,49,87,22,85,0.61%,0.55%,,,,,1.17%,1.06%,SE,,false
K294,,Semi-stainless,Bohler-Uddeholm,,55,51,41,79,2.45%,5.20%,1.30%,9.70%,,,0.50%,0.90%,SE,,false
K306,,Semi-stainless,Bohler-Uddeholm,,35,83,40,87,0.51%,5.04%,1.33%,1.34%,0.04%,,0.31%,0.95%,"Ni 0.13%, SE",,false
K313,,Semi-stainless,Bohler-Uddeholm,,54,78,41,85,0.62%,5.30%,1.20%,0.30%,,,0.40%,1.10%,SE,,false
K329,,Semi-stainless,Bohler-Uddeholm,,45,82,54,87,0.52%,8.00%,1.40%,0.45%,,,0.40%,0.95%,SE,,false
K340,,Semi-stainless,Bohler-Uddeholm,,89,52,53,79,1.10%,8.30%,2.10%,0.50%,,,0.40%,0.90%,"Ni 0.19%, Cu 0.05%, ESR, SE",,false
K353,,Semi-stainless,Bohler-Uddeholm,,67,67,54,83,0.82%,8.00%,1.60%,0.60%,,,0.40%,0.70%,SE,,false
K360,,Semi-stainless,Bohler-Uddeholm,,96,44,56,78,1.25%,8.75%,2.70%,1.18%,,,0.35%,0.90%,"ESR, SE",,false
K390,,Semi-stainless,Bohler-Uddeholm,,54,51,36,78,2.47%,4.20%,3.80%,9.00%,1.00%,2.00%,0.40%,0.55%,SE,,false
K490,,Semi-stainless,Bohler-Uddeholm,,68,52,46,81,1.40%,6.40%,1.50%,3.70%,3.50%,,,,SE,,false
K605,,Carbon,Bohler-Uddeholm,,43,90,24,87,0.51%,1.07%,0.25%,,0.05%,,0.35%,0.23%,"Ni 3.08%, SE",,false
K700,,Carbon,Bohler-Uddeholm,,67,76,20,79,1.23%,,,,,,12.50%,0.40%,SE,,false
K88165,,Semi-stainless,,,63,63,35,83,0.86–0.88%,4.06–4.11%,4.27–4.33%,1.15–1.20%,,,0.20–0.21%,0.23–0.39%,US,,false
K890,,Semi-stainless,Bohler-Uddeholm,,49,68,37,84,0.85%,4.35%,2.80%,2.10%,2.55%,4.50%,,0.55%,SE,,false
KAD181,,Stainless PM,Kobelco Steel,,100,34,74,72,2.20–2.24%,18.00%,2.00%,1.00–1.10%,,,0.35%,0.30–0.35%,JP,,false
KE896,,Carbon,Sanderson Kayser,,61,77,23,84,0.45–1.00%,0.70–1.20%,0.25%,0.10–0.30%,,,0.10–0.90%,0.50%,"Cu 0.25%, UK",,false
KH6F4M,,Semi-stainless,,,94,37,41,76,1.70–1.85%,5.70–6.50%,0.50–0.80%,3.50–4.00%,,,0.15–0.40%,0.15–0.40%,RU,,false
KHV5,,Semi-stainless,,,78,61,21,77,1.30–1.35%,0.40–0.70%,,0.10–0.30%,4.00–5.00%,,0.10–0.30%,0.10–0.30%,"Cu 0.03%, RU",,false
KHVG,,Semi-stainless,,,69,73,21,81,0.95–1.05%,0.90–1.20%,,,1.20–1.60%,,0.80–1.10%,0.10–0.40%,RU,,false
KHVSG,,Carbon,,,67,74,21,81,0.95–1.05%,0.60–1.10%,,0.05–0.15%,0.50–0.80%,,0.60–0.90%,0.65–1.00%,"Ni 0.40%, Cu 0.30%, RU",,false
Kigami 2,,Carbon,Hitachi,,66,78,20,81,1.05–1.15%,,,,,,0.20–0.30%,0.10–0.20%,JP,,false
Kigami 3,,Carbon,Hitachi,,62,81,20,83,0.80–0.90%,,,,,,0.20–0.30%,0.10–0.20%,JP,,false
Kigami Saw,,Carbon,Hitachi,,64,80,20,82,0.90–1.00%,,,,,,0.20–0.30%,0.15–0.25%,JP,,false
Kin2,,Stainless,Takefu,,62,76,79,84,0.70–0.80%,13.00–15.00%,0.10–0.30%,0.05–0.30%,,,0.00–0.50%,0.00–0.50%,JP,,false
Kinite,,Semi-stainless,Kinite,,86,56,63,75,1.50%,12.50–14.50%,1.00%,,,0.70%,0.50%,0.55%,"Ni 0.40%, US",,false
KK,,Carbon,Hitachi,,68,76,20,79,1.20–1.30%,0.15–0.50%,,,,,0.10–0.30%,0.15–0.30%,JP,,false
Kobalt18,,Semi-stainless,Ossenberg,,41,74,90,84,0.70%,4.20%,0.70%,1.50%,18.00%,17.00%,,,DE,,false
Kobalt3,,Semi-stainless,Ossenberg,,42,72,48,84,0.81%,4.20%,0.80%,1.80%,11.70%,2.60%,,,DE,,false
Koncor,,Semi-stainless,Latrobe,,60,60,40,84,1.10%,5.00%,1.10%,3.00%,,,,1.00%,US,,false
Kova 57,,Semi-stainless,Barworth Flockton,,53,61,35,82,1.30%,4.00%,3.00%,3.00%,9.00%,9.50%,,,UK,,false
L1,,Carbon,,,67,76,22,81,0.95–1.10%,1.35–1.60%,0.00–0.10%,,,,0.20–0.50%,0.15–0.35%,US,,false
L2,,Carbon,,,61,77,23,84,0.45–1.00%,0.70–1.20%,0.25%,0.10–0.30%,,,0.10–0.90%,0.50%,"Cu 0.25%, US",,false
L3,,Carbon,,,67,73,22,81,0.95–1.10%,1.30–1.70%,,0.10–0.30%,,,0.25–0.80%,0.25–0.80%,US,,false
L4,,Carbon,,,69,71,22,81,0.90–1.10%,1.45–1.55%,0.30%,0.20–0.30%,,,0.50–0.70%,0.10–0.40%,"Ni 1.50%, US",,false
L5,,Carbon,,,67,76,21,81,0.90–1.10%,0.90–1.10%,0.25–0.30%,,,,0.90–1.10%,0.10–0.40%,US,,false
L6,,Carbon,,,59,78,22,85,0.65–0.75%,0.65–0.85%,0.25%,0.20–0.30%,,,0.55–0.85%,0.20–0.40%,"Ni 1.25-1.75%, US",,false
L7,,Carbon,,,68,74,22,81,0.95–1.05%,1.25–1.75%,0.30–0.50%,,,,0.25–0.45%,0.20–0.40%,US,,false
Labelle Silicon 2,,Carbon,Crucible,,51,83,21,86,0.60%,0.25%,0.30%,0.20%,,,0.85%,1.90%,US,,false
LAK41,,Stainless,Daido,,46,87,85,87,0.50%,16.00%,1.00%,,,,,,JP,,false
Lauri Stainless,,Stainless,?,,42,90,81,87,0.479%,14.53%,0.51%,,,,0.38%,0.37%,"Ni 0.09%, DE",,false
Law 100 X,,Carbon,Klein Metals,,64,80,20,82,0.90–1.05%,,,,,,0.30–0.50%,0.15–0.25%,CH,,false
LC200N,,Stainless,Zapp,,36,93,96,88,0.30%,15.00%,0.95%,,,,1.00%,,"Ni 0.50%, N 0.50%, ESR, DE",,false
Lescowear,,Semi-stainless,Latrobe,,69,56,53,82,1.13%,7.75%,1.55%,2.40%,1.10%,,0.30%,1.20%,US,,false
LO-K 2519,,Semi-stainless,Lohmann,,71,69,22,80,1.10%,1.20%,,0.20%,1.30%,,0.30%,0.30%,DE,,false
LO-QPM A11,,Semi-stainless,Lohmann,,49,54,41,79,2.40%,5.20%,1.30%,9.80%,,,0.50%,0.9%,DE,,false
LO-R 17N2,,Stainless,Lohmann,,53,81,94,85,0.60%,17.00%,1.10%,0.10%,,,,,"N 0.25%, DE",,false
LO-S 2369,,Semi-stainless,Lohmann,,60,66,35,83,0.80%,4.00%,4.10%,1.00%,,,,,DE,,false
LSS Chipper,,Semi-stainless,Latrobe,,43,83,54,87,0.50%,8.00%,1.30%,0.45%,,,0.45%,0.95%,US,,false
LSS PGK,,Semi-stainless,Latrobe,,76,53,56,81,1.15%,8.50%,1.50%,1.95%,1.50%,,0.40%,0.90%,US,,false
LSS Vertex,,Semi-stainless,Latrobe,,82,58,55,80,1.00%,8.25%,2.25%,0.40%,,,0.50%,1.00%,US,,false
LV-02,,Stainless,Lone Wolf,,55,83,76,85,0.68%,13.00%,,,,,0.60%,,US,,false
LV-03,,Stainless,Lone Wolf,,73,72,75,81,0.95%,13.50%,,,,,0.65%,,US,,false
LV-04,,Stainless,Lone Wolf,,77,66,89,81,0.90%,18.00%,1.15%,0.10%,,,0.70%,,US,,false
M1,,Semi-stainless,,,42,72,46,83,0.78–0.88%,3.50–4.00%,8.20–9.20%,1.00–1.35%,1.40–2.10%,,0.15–0.40%,0.20–0.50%,"Ni 0.30%, Cu 0.25%, US",,false
M10,,Semi-stainless,,,43,70,44,83,0.84–1.05%,3.75–4.50%,7.75–8.50%,1.80–2.20%,,,0.10–0.40%,0.20–0.45%,"Ni 0.30%, Cu 0.25%, US",,false
M15,,Semi-stainless,,,46,62,62,81,1.50%,4.00%,3.50%,5.00%,6.50%,5.00%,,,US,,false
M2,,Semi-stainless,,,43,70,51,83,0.78–1.05%,3.75–4.50%,4.50–5.50%,1.75–2.20%,5.50–6.75%,,0.15–0.40%,0.20–0.45%,"Ni 0.30%, Cu 0.25%, US",,false
M2 Eur,,Semi-stainless,Latrobe,,42,71,60,83,0.82–0.90%,4.20%,5.00%,1.80–1.90%,6.40%,,0.30%,0.30%,US,,false
M2Al,,Semi-stainless,,,53,63,36,82,1.05–1.15%,3.80–4.40%,4.50–5.50%,1.75–2.20%,5.50–6.75%,,0.15–0.40%,0.20–0.60%,US,,false
M30,,Semi-stainless,,,42,72,51,83,0.75–0.85%,3.50–4.25%,7.75–9.00%,1.00–1.40%,1.30–2.30%,4.50–5.50%,0.15–0.40%,0.20–0.45%,"Ni 0.30%, Cu 0.25%, US",,false
M33,,Semi-stainless,,,43,71,44,82,0.85–0.92%,3.50–4.00%,9.00–10.00%,1.00–1.35%,1.30–2.10%,7.75–8.75%,0.15–0.40%,0.15–0.50%,"Ni 0.30%, Cu 0.25%, US",,false
M34,,Semi-stainless,,,42,71,77,83,0.85–0.92%,3.50–4.00%,7.75–8.75%,1.90–2.30%,1.40–2.10%,7.75–9.20%,0.15–0.40%,0.20–0.45%,"Ni 0.30%, Cu 0.25%, US",,false
M340,,Stainless,Bohler-Uddeholm,,55,80,88,85,0.54%,17.30%,1.10%,0.10%,,,0.40%,0.45%,"ESR, SE",,false
M35,,Semi-stainless,,,43,70,56,83,0.85–0.95%,3.75–4.50%,4.75–5.25%,1.75–2.15%,6.00–6.75%,4.75–5.25%,0.00–0.40%,0.00–0.40%,US,,false
M36,,Semi-stainless,,,42,71,68,83,0.80–0.90%,3.75–4.50%,4.50–5.50%,1.75–2.25%,5.50–6.50%,7.75–8.75%,0.15–0.40%,0.20–0.45%,"Ni 0.30%, Cu 0.25%, US",,false
M390 MicroClean,,Stainless PM,Bohler-Uddeholm,,100,23,92,75,1.90%,20.00%,1.00%,4.00%,0.60%,,0.30%,0.70%,SE,,false
M398,,Stainless PM,Bohler-Uddeholm,,100,13,92,73,2.70%,20.00%,1.00%,7.20%,0.70%,,0.50%,0.50%,SE,,false
M3:1,,Semi-stainless,,,44,68,56,82,1.00–1.10%,3.75–4.50%,4.75–6.50%,2.25–2.75%,5.00–6.75%,,0.15–0.40%,0.20–0.45%,"Ni 0.30%, Cu 0.25%, US",,false
M3:2,,Semi-stainless,,,44,66,63,82,1.15–1.25%,3.75–4.50%,4.75–6.50%,2.75–3.75%,5.00–6.75%,,0.15–0.40%,0.20–0.45%,"Ni 0.30%, Cu 0.25%, US",,false
M4,,Semi-stainless,,,45,64,71,82,1.25–1.40%,3.75–4.75%,4.25–5.50%,3.75–4.50%,5.25–6.50%,,0.15–0.40%,0.20–0.45%,"Cu 0.25%, US",,false
M41,,Semi-stainless,,,57,61,36,82,1.05–1.15%,3.75–4.50%,3.25–4.25%,1.75–2.25%,6.25–7.00%,4.75–5.75%,0.20–0.60%,0.15–0.50%,"Ni 0.30%, Cu 0.25%, US",,false
M42,,Semi-stainless,,,55,63,35,81,1.05–1.10%,3.50–4.25%,9.00–10.00%,0.95–1.35%,1.15–1.85%,7.75–8.75%,0.15–0.40%,0.15–0.65%,"Ni 0.30%, Cu 0.25%, US",,false
M43,,Semi-stainless,,,61,58,35,80,1.15–1.25%,3.50–4.25%,7.50–8.50%,1.50–1.75%,2.25–3.00%,7.75–8.75%,0.20–0.40%,0.15–0.65%,"Ni 0.30%, Cu 0.25%, US",,false
M44,,Semi-stainless,,,51,64,37,82,1.10–1.20%,4.00–4.75%,6.00–7.00%,1.85–2.20%,5.00–5.75%,11.00–12.25%,0.20–0.40%,0.30–0.55%,"Ni 0.30%, Cu 0.25%, US",,false
M45,,Semi-stainless,,,66,55,36,79,1.25%,4.25%,5.00%,1.60%,8.00%,5.25%,,,US,,false
M46,,Semi-stainless,,,45,65,51,81,1.22–1.30%,3.70–4.20%,8.00–8.50%,3.00–3.30%,1.90–2.20%,7.80–8.80%,0.20–0.40%,0.40–0.65%,"Ni 0.30%, Cu 0.25%, US",,false
M47,,Semi-stainless,,,55,63,34,81,1.05–1.15%,3.50–4.00%,9.25–10.00%,1.15–1.35%,1.30–1.80%,4.75–5.25%,0.15–0.40%,0.20–0.45%,"Ni 0.30%, Cu 0.25%, US",,false
M48,,Semi-stainless,,,56,57,35,79,1.50–1.55%,3.75–4.00%,5.25%,3.10%,9.75–10.00%,8.50–9.00%,,,US,,false
M50,,Semi-stainless,,,63,63,35,83,0.86–0.88%,4.06–4.11%,4.27–4.33%,1.15–1.20%,,,0.20–0.21%,0.23–0.39%,US,,false
M52,,Semi-stainless,,,52,66,35,84,0.90%,4.00%,4.00%,2.00%,1.25%,,,,US,,false
M6,,Semi-stainless,,,42,72,37,83,0.75–0.85%,3.75–4.50%,4.50–5.50%,1.30–1.70%,3.75–4.75%,11.00–13.00%,0.15–0.40%,0.20–0.45%,"Ni 0.30%, US",,false
M62,,Semi-stainless,,,45,65,40,79,1.30%,3.00–3.75%,10.50%,2.00%,6.25%,,0.35–0.70%,0.25%,"MM, US",,false
M7,,Semi-stainless,,,43,69,45,82,1.00–1.02%,3.75%,8.50–8.75%,1.90–2.00%,1.75%,,0.25–0.30%,0.30–0.40%,US,,false
M8,,Semi-stainless,,,42,72,79,84,0.80%,4.00%,5.00%,1.50%,5.00%,,,,"Nb 1.25%, US",,false
ma5,,Stainless,Aperam,,29,99,90,89,0.35%,16.00%,,,,,0.35%,0.35%,"N 0.15%, LU",,false
MagnaMax,,Semi-stainless,Niagara,,47,57,93,81,2.04%,10.65%,2.00%,8.00%,,0.90%,0.50%,,"Nb 2.50%, N 0.20%, US",,false
Marss-500,,Stainless,Bohler-Uddeholm,,42,91,80,87,0.52%,14.50%,,,,,0.60%,0.40%,SE,,false
Maxamet,,Semi-stainless,Carpenter,,71,44,38,77,2.15%,4.75%,,6.00%,13.00%,10.00%,0.30%,0.25%,"MM, US",,false
MBS-26,,Stainless,Daido,,73,71,77,81,0.85–1.0%,13.00–15.00%,0.15–0.25%,,,,0.30–0.60%,0.65%,JP,,false
MDS3,,Semi-stainless,Nachi Fujikoshi,,50,72,36,85,0.70%,4.30%,2.00%,1.20%,1.00%,,,,JP,,false
Merilo,,Carbon,Metal Ravne,,64,77,20,83,0.90%,0.35%,,0.13%,,,2.00%,0.25%,SI,,false
MeriloEx,,Semi-stainless,Metal Ravne,,69,73,21,81,1.05%,1.00%,,,1.15%,,0.96%,0.25%,SI,,false
MH51,,Semi-stainless,Daido,,42,71,63,83,0.80–0.90%,3.80–4.50%,4.50–5.50%,1.60–2.20%,5.50–6.70%,,0.40%,0.40%,JP,,false
MH55,,Semi-stainless,Daido,,42,71,75,83,0.80–0.90%,3.80–4.50%,4.80–6.20%,1.70–2.30%,5.50–6.70%,4.50–5.50%,0.40%,0.40%,JP,,false
MH85,,Semi-stainless,Daido,,40,77,36,85,0.55%,4.20%,4.00%,1.00%,2.00%,,0.30%,,JP,,false
Micro-Melt 23,,Semi-stainless,Carpenter,,49,63,36,81,1.30%,4.20%,5.00%,3.10%,6.30%,,0.30%,0.35%,"MM, US",,false
Micro-Melt 420-CW,,Semi-stainless,Carpenter,,48,55,77,80,2.25%,12.80%,1.30%,9.25%,,,0.50%,0.90%,"MM, US",,false
Micro-Melt A11,,Semi-stainless,Carpenter,,54,51,41,79,2.40–2.50%,4.75–5.75%,1.10–1.50%,9.25–10.25%,,,0.35–0.60%,0.75–1.10%,"MM, US",,false
Micro-Melt CD1,,Semi-stainless,Carpenter,,53,73,62,85,0.70%,8.25%,1.40%,1.00%,,,0.40%,1.00%,"Ni 1.50%, N 0.09%, MM, US",,false
Micro-Melt M3:2,,Semi-stainless,Carpenter,,45,65,44,81,1.25%,4.00%,6.00%,3.00%,6.25%,,0.30%,0.40%,"MM, US",,false
Micro-Melt M48,,Semi-stainless,Carpenter,,58,56,35,79,1.55%,4.00%,5.25%,3.10%,10.00%,9.00%,0.30%,0.40%,"MM, US",,false
Micro-Melt PD1,,Semi-stainless,Carpenter,,67,57,53,82,1.10%,7.75%,1.60%,2.35%,1.10%,,0.25%,1.20%,"MM, US",,false
Micro-Melt T15,,Semi-stainless,Carpenter,,46,62,63,81,1.50%,4.75%,,5.00%,13.00%,5.00%,,,"MM, US",,false
MKJ3,,Carbon,Minebea,,67,75,22,80,0.90–1.30%,0.90–1.70%,,,,,0.90–1.60%,0.40–1.20%,JP,,false
MM Hybrid Cryo,,Stainless,Bohler-Uddeholm,,83,60,87,80,0.95–1.00%,15.00–16.00%,1.51%,0.30%,,1.47%,0.37%,0.41%,"Ni 0.43%, N 0.08%, DE",,false
MoX27Co,,Stainless,,,85,60,87,79,1.05%,17.50%,1.20%,0.10%,,1.50%,,,FR,,false
MRS-30,,Stainless,Masahiro,,81,62,75,79,1.12%,14.00%,0.55–0.60%,0.25%,,,0.50%,1.00%,JP,,false
Mushet Steel,,Semi-stainless,Mushet,,88,53,21,70,1.50–2.50%,0.50%,,,4.00–12.00%,,2.00–4.00%,1.10%,UK,,false
MV-58,,Stainless,,,44,87,80,87,0.45–0.55%,14.00–15.00%,0.50–0.80%,0.10–0.20%,,,1.00%,0.75%,ES,,false
MVS-8,,Stainless,Masahiro,,74,65,79,82,0.85%,14.00%,2.50%,0.15%,,,0.50%,0.50%,JP,,false
MVS10Cob,,Stainless,Nachi Fujikoshi,,82,62,80,80,1.00%,14.72%,0.96%,0.21%,,1.34%,0.38%,,"Ni 0.26%, JP",,false
N335,,Stainless,Bohler-Uddeholm,,36,93,85,88,0.38%,16.00%,1.00%,,,,0.65%,0.40%,"Ni 0.80%, SE",,false
N678,,Stainless,Bohler-Uddeholm,,50,71,77,86,0.79%,13.50%,0.45%,1.90%,,,0.40%,0.40%,SE,,false
N680,,Stainless,Bohler-Uddeholm,,49,84,93,86,0.54%,17.30%,1.10%,0.10%,,,0.40%,0.45%,"Ni 0.50%, N 0.20%, SE",,false
N688,,Stainless,Bohler-Uddeholm,,76,66,85,82,0.90%,16.00%,0.50%,0.25%,,1.50%,,,SE,,false
N690,,Stainless,Bohler-Uddeholm,,85,60,86,79,1.07%,17.00–17.30%,1.10%,0.10%,,1.50%,0.40%,0.40%,SE,,false
N690 ISOEXTRA,,Stainless,Bohler-Uddeholm,,91,57,86,79,1.07%,17.00–17.30%,1.10%,0.10%,,1.50%,0.40%,0.40%,"ESR, SE",,false
N692,,Stainless,Bohler-Uddeholm,,83,64,82,79,1.05%,16.00%,0.80%,,,1.65%,,,SE,,false
N9E,,Carbon,,,63,80,20,83,0.85–0.94%,0.15%,,,,,0.15–0.30%,0.15–0.30%,"Ni 0.20%, PL",,false
Narva8D,,Semi-stainless,Akers,,80,58,54,81,0.90%,8.00%,2.50%,0.50%,,,,,"ESR, FR",,false
NC10,,Semi-stainless,,,83,57,51,74,1.50–1.80%,11.00–13.00%,0.00–0.20%,0.00–0.15%,0.00–0.20%,,0.15–0.45%,0.15–0.45%,PL,,false
NCV60,,Stainless,Eurotechni,,52,82,85,86,0.60%,14.50%,0.80%,0.15%,,,,,"N 0.10%, FR",,false
Niolox,,Semi-stainless,Lohmann,,57,70,74,85,0.80%,12.70%,1.10%,0.90%,,,,,"Nb 0.70%, DE",,false
Niolox+,,Stainless,Lohmann,,51,73,80,86,0.70%,14.50%,1.90%,0.60%,,,,,"Nb 0.80%, DE",,false
Nitro-B,,Stainless,Buderus Edelstahlwerke,,48,86,91,86,0.55%,15.50%,0.50%,0.10%,,,0.25%,0.25%,"N 0.21%, DE",,false
Nitro-V,,Semi-stainless,Buderus Edelstahlwerke,,56,82,81,85,0.66–0.70%,12.70–13.30%,,0.05–0.10%,,,0.60–0.70%,0.30–0.50%,"N 0.10-0.12%, US",,false
Nitro-X7,,Stainless,Buderus Edelstahlwerke,,60,78,89,84,0.70%,15.50%,0.60%,0.12%,,,0.55%,0.35%,"N 0.16%, DE",,false
Nitrobe 77,,Stainless PM,Damasteel,,27,96,100,89,0.1%,14.5%,3.00%,0.10%,,,,,"Nb 0.50%, N 0.90%, SE",,false
No. 484,,Semi-stainless,Carpenter,,74,66,36,81,1.00%,5.25%,1.00%,0.20%,,,0.80%,0.30%,US,,false
O1,,Carbon,,,66,73,21,82,0.85–1.00%,0.40–0.60%,,0.30%,0.40–0.60%,,1.00–1.40%,0.50%,"Ni 0.30%, US",,false
O2,,Carbon,,,66,73,20,83,0.85–0.95%,0.35%,0.30%,0.30%,,,1.40–1.80%,0.50%,"Ni 0.30%, Cu 0.25%, US",,false
O6,,Carbon,,,70,73,20,77,1.25–1.55%,0.30%,0.20–0.30%,,,,0.30–1.10%,0.55–1.50%,"Ni 0.30%, Cu 0.25%, US",,false
O7,,Semi-stainless,,,74,65,21,79,1.10–1.30%,0.35–0.85%,0.30%,0.40%,1.00–2.00%,,1.00%,0.60%,"Ni 0.30%, Cu 0.25%, US",,false
OC100,,Carbon,Metal Ravne,,65,79,20,81,1.03%,0.007%,0.01%,,,,0.22%,0.17%,"Ni 0.10%, Cu 0.14%, SI",,false
OC80,,Carbon,Metal Ravne,,60,82,20,83,0.80%,,,,,,0.50%,0.20%,SI,,false
OC80MN,,Carbon,Metal Ravne,,61,82,20,83,0.81%,,,,,,,0.20%,"Cu 0.40%, SI",,false
OCR,,Carbon,Metal Ravne,,65,78,21,81,1.00%,0.50%,,,,,0.35%,0.25%,"Ni 0.15%, SI",,false
OCR1,,Carbon,Metal Ravne,,68,74,21,80,1.17%,0.65%,,0.10%,,,0.30%,0.23%,SI,,false
OCR12V2,,Semi-stainless,Metal Ravne,,97,38,52,69,2.23%,12.50%,0.90%,2.15%,,,0.32%,,SI,,false
OCR12VMS,,Semi-stainless,Metal Ravne,,84,54,40,70,2.05%,11.50%,,,,,0.30%,0.25%,SI,,false
OCR2,,Carbon,Metal Ravne,,66,76,21,81,1.05%,1.03%,,,,,0.33%,0.25%,SI,,false
OCR5,,Carbon,Metal Ravne,,66,76,22,82,0.97%,1.53%,,,,,1.10%,0.60%,SI,,false
OCR8VMS,,Semi-stainless,Metal Ravne,,56,66,54,85,0.90%,7.95%,1.48%,2.10%,,,0.38%,0.30%,"Ni 0.25%, SI",,false
OH236Ni,,Semi-stainless,Metal Ravne,,52,74,55,86,0.68%,8.25%,1.40%,1.00%,,,0.60%,1.05%,"Ni 1.50%, SI",,false
OH255,,Semi-stainless,Metal Ravne,,83,58,54,80,1.00%,8.00%,2.70%,0.30%,,,0.30%,1.10%,SI,,false
OH257,,Carbon,Metal Ravne,,64,76,24,83,0.76%,1.44%,0.69%,,0.27%,,0.22%,0.24%,"Ni 0.48%, Cu 0.20%, SI",,false
OH260,,Semi-stainless,Metal Ravne,,61,65,35,83,0.81%,4.00%,4.25%,1.00%,,,0.35%,0.35%,SI,,false
OH842,,Semi-stainless,Metal Ravne,,82,58,48,74,1.65%,11.50%,,0.10%,,,0.40%,,SI,,false
OHV4,,Carbon,Metal Ravne,,65,74,23,83,0.85–0.88%,1.71–1.80%,0.21–0.25%,0.09–0.13%,,,0.35–0.38%,0.21–0.31%,"Ni 0.13-0.16%, Cu 0.22-0.24%, SI",,false
OHV6,,Carbon,Metal Ravne,,67,73,27,82,0.90%,2.95%,0.28%,0.10%,,,0.38%,0.60%,SI,,false
OSIKRO5,,Semi-stainless,Metal Ravne,,63,72,22,84,0.75%,0.70%,0.00–0.20%,0.40%,1.70%,,0.38%,0.93%,SI,,false
OSIKROSP,,Semi-stainless,Metal Ravne,,68,70,23,83,0.78–0.84%,1.10%,0.15%,0.19–0.30%,1.90–2.00%,,0.40–0.42%,0.32–0.50%,"Ni 0.12-0.13%, Cu 0.12-0.19%, SI",,false
OSV1,,Semi-stainless,Metal Ravne,,45,61,39,83,1.53%,4.90%,,6.50%,,4.90%,0.25%,0.25%,"Ni 5.00%, SI",,false
OU31,,Semi-stainless,Nippon Koshuha,,47,68,55,85,0.90%,8.25%,2.00%,3.00%,,3.00%,,,JP,,false
OW1,,Semi-stainless,Metal Ravne,,70,72,20,79,1.20%,0.20%,,0.10%,1.00%,,0.28%,0.23%,SI,,false
P20+Ni,,Carbon,,,34,96,27,88,0.35–0.45%,1.80–2.10%,0.15–0.25%,,,,1.30–1.60%,0.20–0.40%,"Ni 0.90-1.20%, US",,false
Panzer36,,Stainless,?,,86,60,87,79,1.00–1.10%,16.50–18.50%,1.00–1.50%,0.07–0.12%,,1.30–1.80%,,1.00%,"Cu 1.00%, DE",,false
PK335,,Stainless,Metal Ravne,,38,91,83,88,0.40%,15.39%,1.12%,0.08%,,0.03%,0.29%,0.30%,"Ni 0.34%, Cu 0.17%, SI",,false
PM A11,,Semi-stainless,Diehl,,53,52,41,79,2.45%,5.25%,1.35%,9.80%,,,0.50%,0.90%,US,,false
PMC 27,,Stainless PM,Damasteel,,54,83,77,85,0.60%,13.50%,,,,,0.50%,0.50%,SE,,false
PMD10,,Semi-stainless,Dorrenberg,,54,51,41,79,2.45%,5.25%,1.20%,9.75%,,,,,DE,,false
PMD23,,Semi-stainless,Dorrenberg,,48,63,36,81,1.30%,4.20%,5.00%,3.10%,6.40%,,,,DE,,false
PMD30,,Semi-stainless,Dorrenberg,,48,63,36,81,1.30%,4.20%,5.00%,3.10%,6.40%,8.50%,,,DE,,false
PMD440,,Stainless PM,Dorrenberg,,100,20,88,75,2.20%,17.50%,0.50%,5.80%,,,,,DE,,false
PMD60,,Semi-stainless,Dorrenberg,,57,51,36,77,2.30%,4.20%,7.00%,6.50%,6.50%,10.50%,,,DE,,false
PMD9,,Semi-stainless,Dorrenberg,,46,59,61,82,1.80%,5.25%,1.30%,9.00%,,,,,DE,,false
ProCut,,Semi-stainless,Pop's Knife Supply,,66,72,20,83,0.87%,0.20%,,0.25%,1.25%,,0.35%,0.20%,"Ni 2.00%, EU",,false
PS60,,Stainless,Hitachi,,55,83,76,85,0.68%,13.00%,,,,,0.70%,0.40%,JP,,false
PSB22,,Semi-stainless,Carpenter,,90,53,54,79,1.00%,8.00%,3.10%,0.25%,,,0.35%,0.30%,"ESR, US",,false
PX-16,,Semi-stainless,PSM industries,,52,63,36,82,1.05–1.15%,3.75–4.50%,4.50–5.50%,1.70–2.20%,6.00–6.75%,0.00–1.00%,0.00–0.40%,0.70–0.90%,US,,false
R10F5K5,,Semi-stainless,,,46,62,42,81,1.45–1.55%,4.00–4.60%,1.00%,4.30–5.10%,10.00–11.50%,5.00–6.00%,0.40%,0.50%,"Ni 0.40%, RU",,false
R12,,Semi-stainless,,,42,71,37,83,0.80–0.90%,3.10–3.60%,1.00%,1.50–1.90%,12.00–13.00%,0.50%,0.50%,0.50%,"Ni 0.40%, RU",,false
R12M3K5F2-MP,,Semi-stainless,,,50,65,38,82,1.05–1.15%,3.80–4.30%,2.00–2.50%,1.80–2.30%,11.50–12.50%,5.00–5.50%,0.50%,0.00–0.60%,"N 0.02-0.06%, RU",,false
R12MF5-MP,,Semi-stainless,,,47,62,38,81,1.45–1.55%,3.80–4.30%,1.00–1.50%,4.00–4.60%,11.50–12.50%,0.00–0.50%,0.50%,0.00–0.60%,"N 0.02-0.06%, RU",,false
R14F4,,Semi-stainless,,,44,65,64,82,1.20–1.30%,4.00–4.60%,0.00–1.00%,3.40–4.10%,13.00–14.5%,,0.40%,0.00–0.50%,RU,,false
R18,,Semi-stainless,,,42,73,70,83,0.73–0.83%,3.80–4.40%,1.00%,1.00–1.40%,17.00–18.50%,0.50%,0.50%,0.50%,"Ni 0.40%, RU",,false
R18F2,,Semi-stainless,,,43,70,84,83,0.85–0.95%,3.80–4.40%,1.00%,1.80–2.40%,17.00–18.00%,,0.40%,0.50%,"Ni 0.40%, RU",,false
R18F2K5,,Semi-stainless,,,43,70,87,83,0.85–0.95%,3.80–4.40%,1.00%,1.90–2.40%,17.00–18.50%,5.00–6.00%,0.40%,0.50%,"Ni 0.40%, RU",,false
R2,,Stainless PM,Kobelco Steel,,97,39,82,78,1.25–1.45%,14.00–16.00%,2.30–3.30%,1.80–2.20%,,,0.40%,0.50%,JP,,false
R2AM9K5,,Semi-stainless,,,44,68,44,82,1.00–1.10%,3.80–4.40%,8.00–9.00%,1.70–2.10%,1.50–2.00%,4.70–5.20%,0.20–0.50%,0.20–0.50%,"Ni 0.60%, Nb 0.10-0.30%, Cu 0.25%, N 0.05-0.10%, RU",,false
R2M5,,Semi-stainless,,,69,58,35,81,0.95–1.05%,3.80–4.30%,4.80–5.30%,0.90–1.30%,1.70–2.30%,,0.50%,0.50%,"Ni 0.05-0.08%, RU",,false
R6AM5,,Semi-stainless,,,42,71,66,83,0.82–0.90%,3.80–4.40%,4.80–5.30%,1.70–2.10%,5.50–6.50%,0.50%,0.20–0.50%,0.20–0.50%,"Ni 0.60%, Cu 0.25%, N 0.05-0.10%, RU",,false
R6AM5F3,,Semi-stainless,,,43,69,67,83,0.95–1.05%,3.80–4.30%,4.80–5.30%,2.30–2.70%,5.70–6.70%,0.50%,0.20–0.50%,0.20–0.50%,"Ni 0.60%, Cu 0.25%, N 0.05-0.10%, RU",,false
R6M3,,Semi-stainless,,,43,70,40,83,0.85–0.95%,3.00–3.60%,3.00–3.60%,2.00–2.50%,5.50–6.50%,,0.40%,0.50%,RU,,false
R6M5F3-MP,,Semi-stainless,,,45,65,54,81,1.25–1.35%,3.80–4.30%,5.50–6.00%,3.10–3.70%,5.70–6.70%,0.00–0.50%,0.00–0.50%,0.00–0.60%,"N 0.02-0.06%, RU",,false
R6M5K5,,Semi-stainless,,,42,71,57,83,0.84–0.92%,3.80–4.30%,4.80–5.30%,1.70–2.10%,5.70–6.70%,4.70–5.20%,0.50%,0.50%,"Ni 0.40%, RU",,false
R6M5K5-MP,,Semi-stainless,,,48,66,38,82,1.02–1.09%,3.80–4.30%,4.80–5.30%,1.70–2.20%,6.00–7.00%,4.80–5.30%,0.00–0.50%,0.00–0.60%,"N 0.02-0.06%, RU",,false
R7M2F6-MP,,Semi-stainless,,,46,60,47,80,1.65–1.75%,3.80–4.30%,1.80–2.30%,5.50–6.20%,6.50–7.50%,0.00–0.50%,0.00–0.50%,0.00–0.60%,"N 0.02-0.06%, RU",,false
R9,,Semi-stainless,,,42,70,47,84,0.85–0.95%,3.80–4.40%,1.00%,2.30–2.70%,8.50–9.50%,0.50%,0.50%,0.50%,"Ni 0.40%, RU",,false
R9K10,,Semi-stainless,,,49,66,36,84,0.90–1.00%,3.80–4.40%,,2.00–2.60%,9.00–10.50%,9.00–10.50%,0.40%,0.50%,"Ni 0.40%, RU",,false
R9M4K8-MP,,Semi-stainless,,,45,66,35,81,1.10–1.20%,3.00–3.60%,3.80–4.30%,2.30–2.70%,8.50–9.50%,7.50–8.50%,0.00–0.50%,0.00–0.60%,"N 0.02-0.06%, RU",,false
RAVNE23,,Semi-stainless,Metal Ravne,,47,64,36,81,1.25%,4.15%,5.00%,2.95%,6.30%,1.00%,0.50%,0.70%,"Ni 0.50%, SI",,false
RAVNE30,,Semi-stainless,Metal Ravne,,47,64,36,81,1.25%,4.12%,5.00%,2.95%,6.32%,8.38%,0.50%,0.70%,"Ni 0.50%, SI",,false
RN15X,,Stainless,Dorrenberg,,81,48,82,80,1.40%,15.00%,2.00%,,,,,,"Nb 4.50%, DE",,false
Roltec,,Semi-stainless,Bohler-Uddeholm,,69,51,38,80,1.40%,4.60%,3.20%,3.70%,,,0.60%,1.00%,SE,,false
RWL-34,,Stainless PM,Damasteel,,95,49,79,78,1.05%,14.00%,4.00%,0.20%,,,0.50%,0.50%,SE,,false
S-Star,,Stainless,Daido,,33,96,77,88,0.35%,13.50%,0.60%,,,,0.50%,0.80%,"Ni 0.50%, JP",,false
S1,,Semi-stainless,,,45,84,25,87,0.45–0.55%,1.25–1.75%,0.40%,0.15–0.30%,1.00–3.00%,,0.20–0.40%,0.25–0.45%,US,,false
S1-2-1-4,,Semi-stainless,,,45,65,49,82,1.20–1.35%,3.80–4.50%,0.70–1.00%,3.50–4.00%,11.50–12.50%,,0.40%,0.45%,DE,,false
S12-1-2-3,,Semi-stainless,,,42,72,53,84,0.77–0.85%,3.80–4.50%,0.70–1.00%,1.70–2.00%,11.50–12.50%,2.50–3.00%,0.00–0.40%,0.00–0.45%,DE,,false
S2,,Carbon,,,44,87,20,87,0.45–0.55%,,0.40–0.60%,0.25%,,,0.30–0.50%,0.80–1.20%,US,,false
S290,,Semi-stainless,Bohler-Uddeholm,,65,48,34,77,2.00%,3.77%,2.49%,4.83%,14.27%,11.00%,0.30%,0.43%,SE,,false
S3,,Semi-stainless,,,44,89,22,87,0.50%,0.74%,,,1.00%,,,,US,,false
S390,,Semi-stainless,Bohler-Uddeholm,,49,59,39,80,1.64%,4.80%,2.00%,4.80%,10.40%,8.00–8.30%,0.30%,0.60%,SE,,false
S4,,Carbon,,,50,82,21,86,0.50–0.65%,0.10–0.50%,0.20–1.35%,0.15–0.35%,,,0.60–1.00%,1.70–2.25%,US,,false
S5,,Carbon,,,47,84,21,87,0.50–0.60%,0.30%,0.30–0.50%,0.25%,,,0.60–0.90%,1.80–2.20%,US,,false
S590,,Semi-stainless,Bohler-Uddeholm,,51,62,36,81,1.32%,4.13%,4.94%,3.09%,6.25%,8.38%,0.14%,0.44%,"Ni 0.26%, Cu 0.16%, SE",,false
S6,,Carbon,,,39,89,24,88,0.40–0.50%,1.20–1.50%,0.30–0.50%,0.20–0.40%,,,1.20–1.50%,2.00–2.50%,US,,false
S6-5-2-8,,Semi-stainless,,,72,50,36,78,1.40–1.50%,4.00–4.50%,4.70–5.20%,2.20–2.60%,6.00–6.70%,7.50–8.60%,0.20–0.40%,0.20–0.40%,DE,,false
S693 MICROCLEAN,,Semi-stainless,Bohler-Uddeholm,,45,64,66,82,1.35%,4.10%,5.00%,4.10%,5.90%,,,,SE,,false
S7,,Carbon,,,45,84,32,87,0.45–0.55%,3.00–3.50%,1.30–1.80%,0.20–0.30%,,,0.20–0.80%,0.20–1.00%,"Cu 0.25%, US",,false
S7 XL,,Carbon,Crucible,,49,82,32,86,0.55%,3.25%,1.40%,0.25%,,,0.70%,0.35%,US,,false
S705,,Semi-stainless,Bohler-Uddeholm,,43,70,48,83,0.92%,4.10%,5.00%,1.90%,6.40%,4.80%,0.30%,0.40%,SE,,false
S790,,Semi-stainless,Bohler-Uddeholm,,49,63,36,81,1.29%,4.20%,5.00%,3.00%,6.30%,0.25%,0.30%,0.50%,"Ni 0.15%, Cu 0.15%, SE",,false
SB Wear,,Semi-stainless,Carpenter,,67,57,52,82,1.10%,7.50%,1.60%,2.40%,1.15%,,0.35%,1.10%,US,,false
SC145,,Carbon,,,69,74,20,77,1.45%,,,,,0.005%,0.25–0.30%,,"Cu 0.030%, N 0.005%, DE",,false
Seven Star,,Semi-stainless,Carpenter,,43,69,54,82,1.00%,4.00%,8.75%,2.00%,1.75%,,0.25%,0.25%,US,,false
SF.100,,Semi-stainless,Outokumpu,,52,85,75,85,0.60–0.70%,12.00–13.50%,,,,,0.50–1.00%,0.50%,UK,,false
SF27,,Semi-stainless,?,,88,50,79,76,1.55%,12.00%,0.75%,1.00%,,,0.40%,0.40%,"N 0.30%, SF, UK",,false
SG1,,Stainless PM,Takefu,,100,37,82,78,1.40%,15.00%,2.80%,2.00%,,,0.40%,0.50%,JP,,false
SheffCut,,Carbon,?,,68,74,20,79,1.3%,0.20%,,,,,0.30%,0.25%,"Nb 0.10%, UK",,false
Shiro2,,Carbon,Takefu,,65,78,20,81,0.95–1.05%,0.20–0.50%,,,,,0.00–0.50%,0.00–0.35%,"Ni 0.70-1.30%, JP",,false
Shirogami 1A,,Carbon,Hitachi,,69,75,20,78,1.30–1.40%,,,,,,0.20–0.30%,0.10–0.20%,JP,,false
Shirogami 3,,Carbon,Hitachi,,62,81,20,83,0.80–0.90%,,,,,,0.20–0.30%,0.10–0.20%,JP,,false
Shirogami Saw,,Carbon,Hitachi,,64,80,20,82,0.90–1.00%,,,,,,0.20–0.30%,0.15–0.25%,JP,,false
SHKH15,,Carbon,,,66,76,22,81,0.95–1.05%,1.30–1.65%,,,,,0.20–0.40%,0.17–0.37%,"Ni 0.30%, RU",,false
SHKH20SG,,Carbon,,,65,77,22,82,0.90–1.00%,1.40–1.70%,,,,,1.40–1.70%,0.55–0.85%,"Ni 0.30%, RU",,false
Silver Steel,,Carbon,?,,66,77,21,80,0.95–1.25%,0.35–0.45%,,,,,0.25–0.45%,0.00–0.40%,UK,,false
Sinter23,,Semi-stainless,Villares Metals,,47,64,36,81,1.28%,4.20%,5.00%,3.10%,6.30%,,,,BR,,false
Sinter30,,Semi-stainless,Villares Metals,,48,63,36,81,1.29%,4.20%,5.00%,3.10%,6.30%,8.40%,,,BR,,false
Sinter60,,Semi-stainless,Villares Metals,,57,51,36,77,2.30%,4.20%,7.00%,6.50%,6.50%,10.50%,,,BR,,false
SK1,,Carbon,,,69,74,20,78,1.30–1.50%,0.00–0.30%,,,,,0.10–0.50%,0.10–0.35%,JP,,false
SK105,,Carbon,,,65,78,20,81,1.00–1.10%,0.00–0.30%,,,,,0.10–0.50%,0.10–0.35%,JP,,false
SK120,,Carbon,,,67,76,20,80,1.10–1.30%,0.00–0.30%,,,,,0.10–0.50%,0.10–0.35%,JP,,false
SK140,,Carbon,,,69,74,20,78,1.30–1.50%,0.00–0.30%,,,,,0.10–0.50%,0.10–0.35%,JP,,false
SK2,,Carbon,,,67,76,20,80,1.10–1.30%,0.00–0.30%,,,,,0.10–0.50%,0.10–0.35%,JP,,false
SK3,,Carbon,,,65,78,20,81,1.00–1.10%,0.00–0.30%,,,,,0.10–0.50%,0.10–0.35%,JP,,false
SK4,,Carbon,Nisshin,,64,80,20,82,0.90–1.00%,0.00–0.30%,,,,,0.10–0.50%,0.10–0.35%,JP,,false
SK5,,Carbon,,,62,81,20,83,0.80–0.90%,0.00–0.30%,,,,,0.10–0.50%,0.10–0.35%,JP,,false
SK6,,Carbon,,,59,83,20,84,0.70–0.80%,0.00–0.30%,,,,,0.10–0.50%,0.10–0.35%,JP,,false
SK65,,Carbon,,,52,85,20,85,0.60–0.70%,0.00–0.30%,,,,,0.10–0.50%,0.10–0.35%,JP,,false
SK75,,Carbon,,,59,83,20,84,0.70–0.80%,0.00–0.30%,,,,,0.10–0.50%,0.10–0.35%,JP,,false
SK85,,Carbon,,,62,81,20,83,0.80–0.90%,0.00–0.30%,,,,,0.10–0.50%,0.10–0.35%,JP,,false
SK95,,Carbon,,,64,80,20,82,0.90–1.00%,0.00–0.30%,,,,,0.10–0.50%,0.10–0.35%,JP,,false
SKD1,,Semi-stainless,,,86,52,46,69,1.80–2.40%,12.00–15.00%,,,,,0.60%,0.40%,"Cu 0.25%, JP",,false
SKD10,,Semi-stainless,,,87,51,60,76,1.45–1.60%,11.00–13.00%,0.70–1.00%,0.70–1.00%,,,0.20–0.60%,0.10–0.60%,JP,,false
SKD12,,Carbon,,,74,64,36,81,0.95–1.05%,4.50–5.50%,0.80–1.20%,0.20–0.50%,,,0.60–0.90%,0.40%,"Ni 0.50%, Cu 0.25%, JP",,false
SKH10,,Semi-stainless,,,46,62,36,81,1.45–1.60%,3.80–4.50%,,4.20–5.20%,11.50–13.50%,4.20–5.20%,0.40%,0.40%,"Ni 0.25%, Cu 0.25%, JP",,false
SKH2,,Semi-stainless,,,42,73,51,83,0.73–0.83%,3.80–4.50%,,1.00–1.20%,17.20–18.70%,,0.40%,0.45%,JP,,false
SKH3,,Semi-stainless,,,42,73,46,83,0.73–0.83%,3.80–4.50%,,0.80–1.20%,17.00–19.00%,4.50–5.50%,0.40%,0.45%,JP,,false
SKH40,,Semi-stainless,,,50,62,36,81,1.23–1.33%,3.80–4.50%,4.70–5.30%,2.70–3.20%,5.70–6.70%,8.00–8.80%,0.40%,0.45%,JP,,false
SKH4A,,Semi-stainless,,,42,73,60,83,0.73–0.83%,3.80–4.50%,,1.00–1.50%,17.00–19.00%,9.00–11.00%,0.40%,0.45%,JP,,false
SKH50,,Semi-stainless,,,42,72,48,83,0.77–0.87%,3.50–4.50%,8.00–9.00%,1.00–1.40%,1.40–2.00%,,0.45%,0.70%,JP,,false
SKH51,,Semi-stainless,,,42,71,66,83,0.80–0.88%,3.80–4.50%,4.70–5.20%,1.70–2.10%,5.90–6.70%,,0.40%,0.45%,JP,,false
SKH52,,Semi-stainless,,,44,68,59,82,1.00–1.10%,3.80–4.50%,4.80–6.20%,2.30–2.80%,5.50–6.70%,,0.40%,0.40%,"Ni 0.25%, Cu 0.25%, JP",,false
SKH53,,Semi-stainless,,,44,66,38,81,1.15–1.25%,3.80–4.50%,4.70–5.20%,2.70–3.20%,5.90–6.70%,,0.40%,0.45%,JP,,false
SKH54,,Semi-stainless,,,45,64,76,82,1.25–1.40%,3.80–4.50%,4.50–5.50%,3.90–4.50%,5.30–6.50%,,0.40%,0.40%,"Ni 0.25%, Cu 0.25%, JP",,false
SKH55,,Semi-stainless,,,43,70,49,83,0.87–0.95%,3.80–4.50%,4.70–5.20%,1.70–2.10%,5.90–6.70%,4.50–5.00%,0.40%,0.45%,JP,,false
SKH56,,Semi-stainless,,,43,70,54,83,0.85–0.95%,3.80–4.50%,4.60–5.30%,1.70–2.20%,5.70–6.70%,7.00–9.00%,0.40%,0.40%,"Ni 0.25%, Cu 0.25%, JP",,false
SKH57,,Semi-stainless,,,45,65,51,81,1.20–1.35%,3.80–4.50%,3.00–4.00%,3.00–3.70%,9.00–11.00%,9.00–11.00%,0.40%,0.40%,"Ni 0.25%, Cu 0.25%, JP",,false
SKH58,,Semi-stainless,,,43,69,51,82,0.95–1.05%,3.50–4.50%,8.20–9.20%,1.70–2.20%,1.50–2.20%,,0.40%,0.50%,"Ni 0.25%, Cu 0.25%, JP",,false
SKH59,,Semi-stainless,,,55,63,35,81,1.00–1.15%,3.50–4.50%,9.00–10.00%,0.90–1.40%,1.20–1.90%,7.50–8.50%,0.40%,0.25%,"Cu 0.25%, JP",,false
SKH9D,,Semi-stainless,Nachi Fujikoshi,,42,72,77,84,0.80%,4.00%,5.00%,2.00%,6.00%,,0.30%,0.30%,JP,,false
SKS11,,Semi-stainless,,,76,64,20,78,1.20–1.30%,0.20–0.50%,,0.10–0.30%,3.00–4.00%,,0.00–0.50%,0.35%,JP,,false
SKS2,,Semi-stainless,,,69,72,21,81,1.00–1.10%,0.50–1.00%,,0.00–0.20%,1.00–1.50%,,0.80%,0.35%,JP,,false
SKS21,,Carbon,,,68,73,20,81,1.00–1.10%,0.20–0.50%,,0.10–0.25%,0.50–1.00%,,0.50%,0.35%,JP,,false
SKS4,,Carbon,,,43,90,22,87,0.45–0.55%,0.50–1.00%,,,0.50–1.00%,,0.50%,0.35%,JP,,false
SKS41,,Semi-stainless,,,39,90,24,88,0.35–0.45%,1.00–1.50%,,,2.50–3.50%,,0.00–0.50%,0.35%,JP,,false
SKS43,,Carbon,,,66,75,20,81,1.00–1.10%,0.20%,,0.10–0.25%,,,0.30%,0.25%,"Ni 0.25%, Cu 0.25%, JP",,false
SKS5,,Carbon,,,61,81,20,83,0.75–0.85%,0.20–0.50%,,,,,0.50%,0.35%,"Ni 0.70-1.30%, JP",,false
SKS51,,Carbon,,,61,81,20,83,0.75–0.85%,0.20–0.50%,,,,,0.50%,0.35%,"Ni 1.30-2.00%, JP",,false
SKS7,,Semi-stainless,,,72,69,20,79,1.10–1.20%,0.20–0.50%,,0.00–0.20%,2.00–2.50%,,0.50%,0.35%,JP,,false
SKS81,,Carbon,,,68,76,20,80,1.10–1.30%,0.20–0.50%,,,,,0.50%,0.35%,JP,,false
SKS93,,Carbon,,,66,78,21,81,1.00–1.10%,0.20–0.60%,,,,,0.80–1.10%,0.50%,JP,,false
SKS94,,Carbon,,,64,79,21,82,0.90–1.00%,0.20–0.60%,,,,,0.80–1.10%,0.50%,JP,,false
SKS95,,Carbon,,,62,80,21,83,0.80–0.90%,0.20–0.60%,,,,,0.80–1.10%,0.50%,JP,,false
Sleipner,,Semi-stainless,Bohler-Uddeholm,,74,62,53,82,0.90%,7.80%,2.50%,0.50%,,,0.50%,0.90%,SE,,false
SM-100,,Carbon,Summit Materials,,19,100,20,89,,,,,,,,,"Ni 60.00%, CPM, US",,false
Solar,,Carbon,Carpenter,,44,87,20,87,0.45–0.55%,,0.40–0.60%,0.25%,,,0.30–0.50%,0.80–1.20%,US,,false
SPC5,,Stainless PM,Sanyo,,96,46,64,73,2.20%,17.50%,,,,,,,JP,,false
Spectrumwear,,Semi-stainless,Spectrum Metal Solutions,,82,49,56,81,1.15%,8.50%,1.50%,1.95%,1.50%,,0.40%,0.90%,"ESR, US",,false
SR-101,,Carbon,Busse,,66,76,22,81,1.00%,1.46%,,,,,0.69%,0.22%,"Cu 0.27%, US",,false
SR-3V,,Semi-stainless,Busse,,38,74,52,85,0.80%,7.50%,1.30%,2.75–3.00%,0.40%,,0.40%,0.90%,US,,false
SR-77,,Carbon,Busse,,46,86,31,87,0.45–0.55%,3.00%,1.39%,,,,0.74%,1.00%,US,,false
SRK-8,,Carbon,Hitachi,,65,78,20,81,0.95–1.10%,0.20–0.50%,,,,,0.25%,0.10–0.20%,JP,,false
SRS-15,,Stainless PM,Nachi-Fujikoshi,,100,35,73,76,1.50%,13.00%,2.75%,1.50%,1.25%,,0.30%,0.30%,JP,,false
SRV4 Ultrad,,Semi-stainless,Aubert & Duval,,55,60,53,83,1.20%,7.80%,3.25%,3.50%,0.50%,,,,FR,,false
Stark,,Semi-stainless,Latrobe,,45,64,47,81,1.32%,4.50%,4.40%,3.85%,5.35%,,0.25%,0.30%,US,,false
Stellapur PM7,,Semi-stainless,Scana,,100,29,62,70,2.15–2.50%,11.50–13.50%,0.70–1.20%,3.80–4.40%,,,0.40–0.60%,0.40–0.60%,"Ni 0.30%, NO",,false
Stellite 6B,,Stainless,Deloro Stellite,,95,51,99,78,1.10%,30.00%,1.50%,,4.50%,,1.00%,2.00%,"Ni 3.00%, US",,false
Stellite 6K,,Stainless,Deloro Stellite,,100,43,98,72,1.60%,31.00%,1.50%,,4.50%,,2.00%,2.00%,"Ni 3.00%, US",,false
SUJ2,,Carbon,,,66,76,22,81,0.95–1.10%,1.30–1.60%,,,,,0.50%,0.15–0.35%,JP,,false
SUJ3,,Carbon,,,66,77,21,81,0.95–1.10%,0.90–1.20%,,,,,0.90–1.15%,0.40–0.70%,JP,,false
SUJ4,,Carbon,,,67,75,22,81,0.95–1.10%,1.30–1.60%,0.10–0.25%,,,,0.50%,0.15–0.35%,JP,,false
SUJ5,,Carbon,,,67,76,21,81,0.95–1.10%,0.90–1.20%,0.10–0.25%,,,,0.90–1.15%,0.40–0.70%,JP,,false
SUP11A,,Carbon,,,48,87,23,86,0.56–0.64%,0.70–1.00%,,,,,0.70–1.00%,0.15–0.35%,JP,,false
SUP13,,Carbon,,,51,85,23,85,0.60%,0.80%,0.30%,,,,0.85%,0.25%,JP,,false
SUP7,,Carbon,,,48,87,20,86,0.56–0.64%,,,,,,0.70–1.00%,1.80–2.20%,JP,,false
SUP9,,Carbon,,,45,89,23,86,0.52–0.60%,0.65–0.95%,,,,,0.65–0.95%,0.15–0.35%,JP,,false
Super Star,,Semi-stainless,Carpenter,,56,63,34,81,1.08%,3.75%,9.50%,1.15%,1.50%,8.00%,0.25%,0.25%,US,,false
Supra1,,Semi-stainless,Akers,,69,50,35,80,1.50%,4.00%,2.50%,4.00%,2.50%,,,,FR,,false
Supra2,,Semi-stainless,Akers,,61,65,35,83,0.80%,4.00%,3.00%,1.00%,3.00%,8.00%,0.20–0.40%,,FR,,false
Supra3,,Semi-stainless,Akers,,47,64,36,81,1.28%,4.20%,5.00%,3.10%,6.40%,,,,SE,,false
Supra4,,Semi-stainless,Akers,,47,64,36,81,1.28%,4.20%,5.00%,3.10%,6.40%,8.50%,,,FR,,false
Supra5,,Semi-stainless,Akers,,68,43,36,76,2.48%,4.20%,3.10%,8.00%,4.20%,,,,FR,,false
Supra6,,Semi-stainless,Akers,,57,51,36,77,2.30%,4.20%,7.00%,6.50%,6.50%,10.50%,,,FR,,false
T1,,Semi-stainless,,,41,74,64,84,0.65–0.80%,3.75–4.00%,,0.90–1.30%,17.25–18.75%,,0.10–0.40%,0.20–0.40%,"Ni 0.30%, Cu 0.25%, US",,false
T12,,Carbon,,,67,77,20,80,1.15–1.25%,,,,,,0.10–0.40%,0.10–0.30%,CN,,false
T13,,Carbon,,,68,75,20,79,1.25–1.35%,0.10–0.25%,,,,,0.00–0.40%,0.00–0.35%,"Ni 0.12-0.20%, Cu 0.20-0.30%, CN",,false
T15,,Semi-stainless,,,46,62,49,81,1.50–1.60%,3.75–5.00%,0.50–1.00%,4.50–5.25%,11.75–13.00%,4.75–5.25%,0.15–0.40%,0.15–0.40%,"Ni 0.30%, Cu 0.25%, US",,false
T15HV,,Semi-stainless,PSM industries,,47,59,87,81,1.75–1.85%,4.15–4.45%,1.00%,6.50–6.90%,11.75–13.00%,4.90–5.20%,0.15–0.40%,0.15–0.40%,US,,false
T15Plus,,Semi-stainless,Carpenter,,46,61,51,80,1.60%,4.80%,2.00%,5.00%,10.50%,8.00%,,,"MM, US",,false
T2,,Semi-stainless,,,42,71,89,84,0.80–0.90%,3.75–4.50%,0.00–1.00%,1.80–2.40%,17.50–19.00%,,0.20–0.40%,0.20–0.40%,"Ni 0.30%, Cu 0.25%, US",,false
T3,,Semi-stainless,,,44,67,89,83,1.08–1.13%,4.00–4.25%,0.70–0.90%,2.90–3.30%,18.00–18.50%,,0.10–0.40%,0.10–0.40%,US,,false
T30402,,Semi-stainless,,,88,50,59,76,1.50–1.60%,11.50–12.00%,0.60–0.90%,0.90–1.10%,,,0.15–0.45%,0.10–0.40%,US,,false
T4,,Semi-stainless,,,42,73,66,83,0.70–0.80%,3.75–4.50%,0.40–1.00%,0.80–1.20%,17.50–19.00%,4.25–5.75%,0.10–0.40%,0.20–0.40%,"Ni 0.30%, Cu 0.25%, US",,false
T41905,,Carbon,,,47,84,21,87,0.50–0.60%,0.30%,0.30–0.50%,0.25%,,,0.60–0.90%,1.80–2.20%,US,,false
T42HV,,Semi-stainless,PSM industries,,89,31,36,72,2.70%,4.10%,3.00%,7.20%,8.70%,9.20%,,,US,,false
T5,,Semi-stainless,,,42,72,95,84,0.75–0.85%,3.75–5.00%,0.50–1.25%,1.80–2.40%,17.50–19.00%,7.00–9.50%,0.20–0.40%,0.20–0.40%,"Cu 0.25%, US",,false
T508,,Semi-stainless,Bonpertuis,,43,91,56,87,0.50–0.55%,8.00–9.00%,,,,,0.30–0.50%,,FR,,false
T5Mo,,Stainless,Bonpertuis,,43,91,79,87,0.50%,14.00%,0.25%,,,,,,FR,,false
T5MoV,,Stainless,Bonpertuis,,43,88,79,87,0.50%,14.00%,0.35%,0.15%,,,,,FR,,false
T6,,Semi-stainless,,,42,72,93,84,0.75–0.85%,4.00–4.75%,0.40–1.00%,1.50–2.10%,18.50–21.00%,11.00–13.00%,0.20–0.40%,0.20–0.40%,"Ni 0.30%, Cu 0.25%, US",,false
T7,,Semi-stainless,,,41,73,67,84,0.70–0.75%,4.50–5.00%,,1.50–1.80%,13.50–14.50%,,0.20–0.40%,0.20–0.40%,US,,false
T7Mo,,Stainless,Bonpertuis,,61,78,79,84,0.70%,14.00%,0.80%,,,,,,FR,,false
T8,,Semi-stainless,,,42,72,79,84,0.75–0.85%,3.75–4.50%,0.40–1.00%,1.80–2.40%,13.25–14.75%,4.25–5.75%,0.20–0.40%,0.20–0.40%,"Cu 0.25%, US",,false
T9,,Semi-stainless,,,44,65,94,82,1.22–1.28%,3.75–4.25%,0.75%,3.75–4.25%,18.00–18.50%,,0.10–0.40%,0.10–0.40%,US,,false
Talonite 6BH,,Stainless,HP Alloys,,98,49,99,77,0.90–1.40%,28.00–32.00%,1.50%,,4.50%,,2.00%,2.00%,"Ni 3.00%, US",,false
Tatmo,,Semi-stainless,Latrobe,,42,72,41,83,0.83%,3.75%,8.50%,1.15%,1.75%,,0.25%,0.30%,US,,false
Tatmo V,,Semi-stainless,Latrobe,,43,69,48,82,1.00%,3.75%,8.55%,2.00%,1.60%,,0.25%,0.30%,US,,false
Tatmo VN,,Semi-stainless,Latrobe,,43,69,38,82,1.02%,3.75%,8.50%,1.90%,1.75%,,0.25%,,US,,false
Tenasteel,,Semi-stainless,Industeel,,82,58,51,80,1.00%,7.50%,2.60%,0.30%,,,0.35%,,BE,,false
Thyrodur2826,,Carbon,Thyssen-Krupp,,51,86,21,85,0.63%,0.30%,,,,,1.10%,0.80%,DE,,false
ThyssenKrupp Carbonsteel,,Carbon,Thyssen-Krupp,,62,77,21,83,0.81%,0.54%,,0.161%,,,0.56%,0.35%,DE,,false
TKC,,Semi-stainless,Kikuchi,,69,73,46,82,0.91%,7.23%,0.08%,0.04%,,,0.37%,0.22%,JP,,false
ToughtecSF,,Semi-stainless,Bohler-Uddeholm,,46,61,74,83,1.60%,5.00%,2.30%,7.20%,,,0.50%,0.40%,"SF, SE",,false
TP1MO,,Stainless,Bonpertuis,,29,99,76,88,0.30%,13.00%,0.60%,,,,,,FR,,false
TSP1,,Semi-stainless,Thyssen-Krupp,,54,68,45,85,0.80%,6.20%,3.00%,1.10%,,3.00%,,,"Nb 1.00%, DE",,false
TSP30,,Semi-stainless,Thyssen-Krupp,,47,64,36,81,1.30%,4.30%,5.00%,3.20%,6.30%,8.50%,,,DE,,false
U10,,Carbon,,,65,79,20,81,0.95–1.09%,0.20%,,,,,0.17–0.33%,0.17–0.33%,"Ni 0.25%, Cu 0.25%, RU",,false
UHB15,,Carbon,Bohler-Uddeholm,,57,84,20,84,0.71%,,,,,,0.50%,0.30%,SE,,false
UHB15LM,,Carbon,Bohler-Uddeholm,,58,83,20,84,0.75%,,,,,,0.78%,0.20%,SE,,false
UHB15N20,,Carbon,Bohler-Uddeholm,,59,83,20,84,0.75%,0.11%,,,,,0.40%,0.30%,"Ni 2.00%, SE",,false
UHB17LM,,Carbon,Bohler-Uddeholm,,63,77,20,83,0.85%,,,0.20%,,,0.55%,0.30%,SE,,false
UHB20C,,Carbon,Bohler-Uddeholm,,65,79,20,82,1.00%,,,,,,0.45%,0.30%,SE,,false
UHB20C15,,Carbon,Bohler-Uddeholm,,66,76,22,81,1.00%,1.45%,,,,,0.35%,0.30%,SE,,false
UHB26C3,,Carbon,Bohler-Uddeholm,,68,76,20,79,1.22–1.29%,0.20–0.40%,,,,,0.30–0.50%,0.15–0.30%,SE,,false
UHC,,Carbon,Roselli,,71,71,20,74,1.50–2.00%,,,,,,,,FN,,false
US2000,,Semi-stainless,Zapp,,67,57,53,82,1.10%,7.80%,1.60%,2.40%,1.10%,,,1.00%,DE,,false
UtopEx2,,Carbon,Metal Ravne,,48,86,24,86,0.55%,1.10%,0.45%,0.10%,,,0.75%,0.25%,"Ni 1.65%, SI",,false
V-Gin1,,Carbon,Takefu,,74,64,36,81,0.95–1.05%,4.50–5.50%,0.80–1.20%,0.20–0.50%,,,0.60–0.90%,0.00–0.40%,JP,,false
V1,,Carbon,Takefu,,67,77,21,80,1.10–1.20%,0.30–0.50%,,,,,0.00–0.50%,0.00–0.35%,JP,,false
V1 Special,,Semi-stainless,Takefu,,72,69,20,79,1.10–1.20%,0.20–0.50%,,0.00–0.20%,2.00–2.50%,,0.50%,0.00–0.35%,JP,,false
V2,,Carbon,Takefu,,65,78,21,81,0.95–1.05%,0.30–0.50%,,,,,0.00–0.50%,0.00–0.35%,JP,,false
V2 Special,,Semi-stainless,Takefu,,69,73,20,81,1.00–1.10%,0.20–0.50%,,0.00–0.20%,1.00–1.50%,,0.50%,0.00–0.35%,JP,,false
V2C,,Carbon,Takefu,,65,79,20,81,0.95–1.05%,0.00–0.30%,,,,,0.20–0.40%,0.10–0.30%,JP,,false
V2F,,Semi-stainless,,,71,69,20,80,1.05–1.22%,0.20–0.40%,,0.15–0.30%,1.60–2.00%,,0.15–0.45%,0.10–0.30%,RU,,false
Vanadis 10,,Semi-stainless,Bohler-Uddeholm,,87,30,54,74,2.90%,8.00%,1.50%,9.80%,,,0.50%,0.50%,SE,,false
Vanadis 23,,Semi-stainless,Bohler-Uddeholm,,47,64,36,81,1.28%,4.20%,5.00%,3.10%,6.40%,,,,SE,,false
Vanadis 30,,Semi-stainless,Bohler-Uddeholm,,47,64,36,81,1.28%,4.20%,5.00%,3.10%,6.40%,8.50%,,,SE,,false
Vanadis 4,,Semi-stainless,Bohler-Uddeholm,,77,46,54,80,1.50%,8.00%,1.5%,4.00%,,,0.40%,,SE,,false
Vanadis 4E,,Semi-stainless,Bohler-Uddeholm,,68,52,38,81,1.40%,4.70%,3.50%,3.70%,,,0.40%,0.40%,SE,,false
Vanadis 60,,Semi-stainless,Bohler-Uddeholm,,57,51,36,77,2.30%,4.20%,7.00%,6.50%,6.50%,10.50%,,,SE,,false
Vanadis 8,,Semi-stainless,Bohler-Uddeholm,,62,47,39,78,2.30%,4.80%,3.60%,8.00%,,,0.40%,0.40%,SE,,false
Vanadis-6,,Semi-stainless,Bohler-Uddeholm,,100,28,48,74,2.10%,6.80%,1.50%,5.40%,,,0.40%,1.00%,SE,,false
Vanax SuperClean,,Stainless PM,Bohler-Uddeholm,,38,81,100,88,0.36%,18.20%,1.10%,3.50%,0.06%,0.05%,0.30%,0.30%,"Ni 0.18%, Cu 0.09%, N 1.55%, SE",,false
Vanax35,,Stainless PM,Bohler-Uddeholm,,37,86,100,88,0.20%,20.00%,2.50%,2.80%,,,0.30%,0.30%,"N 1.90%, SE",,false
Vanax75,,Stainless PM,Bohler-Uddeholm,,39,85,100,88,0.20%,21.20%,1.30%,9.00%,,,0.20%,0.30%,"N 4.20%, SE",,false
Vancron 40,,Semi-stainless,Bohler-Uddeholm,,43,66,100,85,1.10%,4.50%,3.20%,8.50%,3.70%,,0.40%,0.50%,"N 1.80%, SE",,false
Vancron Superclean,,Semi-stainless,Bohler-Uddeholm,,44,64,100,84,1.30%,4.50%,1.80%,10.00%,,,0.00–0.40%,0.50%,"N 1.80%, SE",,false
Vasco Die,,Semi-stainless,Vasco Metal,,44,71,53,86,0.82%,7.75%,1.55%,2.50%,,,0.00–0.30%,1.00%,US,,false
Vasco Tuf,,Semi-stainless,Vasco Metal,,35,81,53,86,0.50–0.53%,7.75%,1.35%,1.40%,1.10%,,0.00–0.30%,0.90%,US,,false
Vascowear,,Semi-stainless,Vasco Metal,,68,56,53,82,1.12%,7.75%,1.60%,2.40%,1.10%,,0.30%,1.20%,US,,false
VC140,,Carbon,Metal Ravne,,35,95,24,88,0.42%,1.07%,0.03%,0.01%,,,0.71%,0.25%,"Ni 0.15%, Cu 0.34%, SI",,false
Vertex,,Semi-stainless,Diehl,,82,58,55,80,1.00%,8.25%,2.25%,0.40%,,,0.50%,1.00%,US,,false
VF800AT,,Semi-stainless,Villares Metals,,69,65,56,83,0.85%,8.40%,2.00%,0.50%,,,,0.90%,"Nb 0.15%, BR",,false
VG10W,,Stainless,Takefu,,83,61,81,80,1.00%,15.00%,1.00%,0.20%,0.40%,1.50%,,,JP,,false
VG12,,Stainless,Takefu,,79,64,99,81,0.95–1.05%,14.50–15.50%,,0.25–0.35%,0.35%,1.30–1.80%,,,"N 0.80-1.20%, JP",,false
VG2,,Stainless,Takefu,,54,84,79,85,0.60–0.70%,13.00–15.00%,0.10–0.20%,,,,,,JP,,false
VG7,,Stainless,Takefu,,79,65,78,81,0.90–1.05%,14.00%,0.20–0.40%,0.10–0.20%,1.00–1.50%,,,,JP,,false
VG8,,Carbon,Takefu,,68,71,20,82,0.85–0.95%,,0.40–0.60%,0.20–0.40%,0.50–1.00%,,0.00–0.30%,1.10–1.30%,JP,,false
VGin3B,,Semi-stainless,Takefu,,67,67,47,83,0.80–0.90%,6.00–7.00%,0.50%,0.70–0.90%,0.50%,,,,"Ni 0.30-0.50%, JP",,false
Vibenite 290,,Semi-stainless,VBN Components AB,,75,40,35,73,2.47–2.55%,4.00%,5.00%,6.30%,11.00%,16.00%,,,SE,,false
Viking,,Semi-stainless,Bohler-Uddeholm,,43,83,54,87,0.50%,8.00%,1.50%,0.50%,,,0.50%,1.00%,SE,,false
VIM-VAR 52100,,Carbon,Carpenter,,66,76,22,81,1.00%,1.40%,,,,,0.30%,0.25%,US,,false
VSW,,Semi-stainless,Ossenberg,,83,49,70,79,1.20%,11.50%,1.50%,1.70%,2.50%,,0.30%,0.35%,DE,,false
VWM8,,Semi-stainless,Villares Metals,,44,66,61,81,1.20%,4.20%,7.50%,2.90%,4.50%,,,,BR,,false
W,,Carbon,,,69,74,20,80,1.05–1.25%,0.10–0.30%,,,0.80–1.20%,,0.40%,0.40%,CN,,false
W1,,Carbon,,,67,75,20,81,0.70–1.50%,0.15%,0.10%,0.10%,0.15%,,0.10–0.40%,0.10–0.40%,"Ni 0.20%, Cu 0.20%, US",,false
W108,,Carbon,,,60,82,20,84,0.70–0.85%,0.15–0.20%,,,,,0.35%,0.35%,US,,false
W109,,Carbon,,,63,80,20,82,0.85–0.95%,0.15–0.20%,,,,,0.35%,0.35%,US,,false
W110,,Carbon,,,65,78,20,81,0.95–1.10%,0.15–0.20%,,,,,0.35%,0.35%,US,,false
W112,,Carbon,,,67,76,20,80,1.10–1.30%,0.15–0.20%,,,,,0.35%,0.35%,US,,false
W2,,Carbon,,,69,72,20,80,0.85–1.50%,0.15%,0.10%,0.15–0.35%,0.15%,,0.10–0.40%,0.10–0.40%,"Ni 0.20%, Cu 0.20%, US",,false
W209,,Carbon,,,64,76,20,83,0.85–0.95%,0.15–0.20%,,0.15–0.35%,,,0.35%,0.35%,US,,false
W210,,Carbon,,,66,74,20,81,0.95–1.10%,0.15–0.20%,,0.15–0.35%,,,0.35%,0.35%,US,,false
W3,,Carbon,,,67,71,20,82,1.00%,,,0.50%,,,,,US,,false
W310,,Carbon,,,67,72,20,82,0.95–1.10%,0.15–0.20%,,0.30–0.50%,,,0.10–0.40%,0.10–0.40%,US,,false
W4,,Carbon,,,65,79,20,81,0.80–1.20%,0.15–0.30%,,,,,0.10–0.40%,0.10–0.40%,US,,false
W4Mo3Cr4VSi,,Semi-stainless,,,57,64,36,83,0.83–0.93%,3.80–4.40%,2.50–3.50%,1.20–1.80%,3.50–4.50%,,0.20–0.40%,0.70–1.00%,CN,,false
W5,,Carbon,,,68,74,21,80,1.05–1.15%,0.40–0.60%,0.10%,0.10%,0.15%,,0.10–0.40%,0.10–0.40%,"Ni 0.20%, Cu 0.20%, US",,false
W6Mo5Cr4V2,,Semi-stainless,,,42,71,68,83,0.80–0.90%,3.80–4.40%,4.50–5.50%,1.75–2.25%,5.50–6.50%,,0.15–0.40%,,CN,,false
W6Mo5Cr4V2Al,,Semi-stainless,,,53,63,36,82,1.05–1.15%,3.80–4.40%,4.50–5.50%,1.75–2.20%,5.50–6.75%,,0.15–0.40%,0.20–0.60%,CN,,false
W6Mo5Cr4V2Co,,Semi-stainless,,,42,72,76,84,0.80%,4.10%,4.80%,2.10%,5.40%,0.50%,0.35%,0.38%,CN,,false
W6MoCr4V2Al,,Semi-stainless,,,53,63,36,82,1.05–1.15%,3.80–4.40%,4.50–5.50%,1.75–2.20%,5.50–6.75%,,0.15–0.40%,0.20–0.60%,CN,,false
W7,,Carbon,,,67,74,21,81,0.95–1.10%,0.30–0.50%,,0.15–0.35%,,,0.10–0.40%,0.10–0.40%,US,,false
W75,,Carbon,Thyssen-Krupp,,58,83,20,84,0.70–0.80%,,,,,,,,DE,,false
W9Mo3Cr4V,,Semi-stainless,,,43,71,35,83,0.83%,4.05%,2.90%,1.45%,8.90%,,0.35%,0.35%,CN,,false
Weartec SF,,Semi-stainless,Bohler-Uddeholm,,91,29,49,73,2.80%,7.00%,2.30%,8.90%,,,0.70%,0.80%,"SF, SE",,false
WKE45,,Semi-stainless,Erasteel,,52,60,36,81,1.41%,4.20%,3.60%,3.40%,8.80%,11.00%,0.20–0.40%,,FR,,false
WLK,,Semi-stainless,,,34,86,30,87,0.30–0.40%,2.50–3.00%,2.50–3.00%,0.40–0.60%,0.30%,2.80–3.30%,0.25–0.50%,0.30–0.60%,"Ni 0.35%, Cu 0.30%, PL",,false
Wolfram Special,,Semi-stainless,?,,71,71,21,80,1.13%,0.42%,,,2.23%,,0.24%,0.20%,UK,,false
X100CrMoV51,,Carbon,,,74,65,36,81,0.95–1.05%,4.80–5.60%,0.90–1.20%,0.15–0.30%,,,0.40–0.80%,0.10–0.40%,DE,,false
X100CrMoV8-2,,Semi-stainless,,,82,58,51,80,1.00%,7.50%,2.60%,0.30%,,,0.35%,,FR,,false
X105CrMo17,,Stainless,,,81,65,85,80,0.95–1.20%,16.00–18.00%,0.40–0.80%,,,,1.00%,1.00%,DE,,false
X110CrMoV15,,Stainless,,,81,63,78,79,1.10%,15.00%,0.50%,0.12%,,,1.00%,1.00%,DE,,false
X110CrMoV82,,Semi-stainless,,,83,56,53,79,1.10%,8.30%,2.10%,0.50%,,,0.40%,0.90%,"Ni 0.19%, Cu 0.05%, DE",,false
X115CrVMoW83So,,Semi-stainless,,,68,56,53,82,1.12%,7.75%,1.50%,2.40%,1.10%,,0.30%,1.10%,DE,,false
X12,,Semi-stainless,,,86,52,42,69,2.00–2.20%,11.50–13.00%,0.00–0.20%,0.00–0.15%,0.00–0.20%,,0.15–0.45%,0.10–0.40%,"Ni 0.35%, RU",,false
X120CrMoVN19-2,,Stainless,,,93,50,91,78,1.15%,19.00%,2.10%,0.60%,,,,,FR,,false
X12MF,,Semi-stainless,,,86,52,58,76,1.45–1.65%,11.00–12.50%,0.40–0.60%,0.70–0.90%,,,0.15–0.45%,0.15–0.35%,"Ni 0.35%, RU",,false
X12VM,,Semi-stainless,,,89,49,41,69,2.00–2.20%,11.00–12.50%,0.60–0.90%,0.15–0.30%,0.50–0.80%,,0.15–0.45%,0.10–0.40%,RU,,false
X12VMF,,Semi-stainless,,,89,49,41,69,2.00–2.20%,11.00–12.50%,0.60–0.90%,0.15–0.30%,0.50–0.80%,,0.15–0.45%,0.10–0.40%,RU,,false
X15TN,,Stainless,Aubert & Duval,,44,84,91,88,0.37–0.45%,15.00–16.50%,1.50–1.90%,0.20–0.40%,,,0.60%,0.60%,"Ni 0.30%, N 0.16-0.25%, ESR, FR",,false
X15V,,Stainless,Aubert & Duval,,32,89,82,87,0.30%,15.00%,1.00%,0.60%,1.00%,4.50%,,,FR,,false
X210Cr12,,Semi-stainless,,,84,54,41,70,1.90–2.20%,11.00–13.00%,,,,,0.20–0.60%,0.10–0.60%,DE,,false
X30CrMoNi1-5-1,,Stainless,,,30,97,94,88,0.25–0.35%,14.00–16.00%,0.85–1.10%,,,,1.00%,0.40–1.00%,"Ni 0.50%, N 0.30-0.50%, DE",,false
X38CrMo14,,Stainless,,,36,93,78,88,0.36–0.42%,13.00–14.50%,0.60–1.00%,,,,1.00%,1.00%,EU,,false
X38CrMo16,,Stainless,,,37,92,86,88,0.33–0.45%,15.50–17.50%,0.80–1.30%,,,,1.00–1.50%,1.00%,"Ni 1.00%, DE",,false
X39CrMo17-1,,Stainless,,,37,92,86,88,0.33–0.45%,15.50–17.50%,0.80–1.30%,,,,1.00–1.50%,1.00%,"Ni 1.00%, DE",,false
X40Cr13,,Stainless,,,33,97,76,88,0.40%,13.00%,,,,,1.00%,1.00%,DE,,false
X40CrMoVN16-2,,Stainless,,,37,88,92,88,0.30–0.50%,14.00–16.00%,1.00–2.50%,0.20–0.40%,,,0.00–1.00%,0.00–1.00%,"Ni 0.50%, N 0.10-0.50%, DE",,false
X45CrMoV15,,Stainless,,,43,88,80,87,0.42–0.55%,13.80–15.00%,0.45–0.60%,0.10–0.15%,,,1.00%,1.00%,DE,,false
X45NiCrMo4,,Carbon,,,39,93,25,88,0.45%,1.40%,0.30%,,,,,,"Ni 4.10%, DE",,false
X46Cr13,,Semi-stainless,,,38,94,77,87,0.43–0.50%,12.50–14.50%,,,,,1.00%,1.00%,DE,,false
X50CrMoV15,,Stainless,,,44,87,80,87,0.45–0.55%,14.00–15.00%,0.50–0.80%,0.10–0.20%,,,1.00%,0.50–1.00%,DE,,false
X50CrMoW911,,Semi-stainless,,,47,85,56,86,0.50%,8.50%,1.20%,,1.20%,,,0.90%,DE,,false
X55CrMo14,,Stainless,,,48,86,79,86,0.48–0.60%,13.00–15.00%,0.50–0.80%,0.00–0.15%,,,1.00%,1.00%,DE,,false
X55CrMoV15,,Stainless,,,44,87,80,87,0.45–0.55%,14.00–15.00%,0.50–0.80%,0.10–0.20%,,,1.00%,1.00%,DE,,false
X60WMoCrV6-5-4-2,,Semi-stainless,,,40,75,88,85,0.65%,4.00%,4.60%,1.80%,5.80%,,,,EU,,false
X64CrMo14,,Stainless,,,56,80,79,85,0.60–0.70%,13.50–14.50%,0.50–0.70%,0.05–0.15%,,,0.40–0.60%,0.30–0.50%,DE,,false
X65Cr13,,Semi-stainless,,,52,85,77,85,0.58–0.70%,12.50–14.50%,,,,,0.00–1.00%,0.00–1.00%,DE,,false
X65CrMo14,,Stainless,,,50,85,79,86,0.55–0.60%,13.00–15.00%,0.50–0.65%,,,,1.00%,1.00%,DE,,false
X70CrMo15,,Stainless,,,58,80,82,84,0.60–0.75%,14.00–16.00%,0.40–0.80%,,,,1.00%,0.70%,EU,,false
X70CrMoVN15,,Stainless,,,60,78,89,84,0.70%,15.50%,0.60%,0.12%,,,0.55%,0.35%,"N 0.16%, DE",,false
X70CrMoVSi16,,Stainless,,,56,82,84,84,0.70%,15.50–16.00%,,,,,,,EU,,false
X80CrMoV13-2,,Stainless,,,51,71,79,86,0.76–0.81%,13.50–14.50%,0.55–0.70%,1.65–1.85%,,,0.30–0.50%,0.15–0.36%,DE,,false
X90CrMoV17,,Stainless,,,76,66,86,82,0.85–0.95%,15.50–17.50%,0.40–0.60%,0.20–0.30%,,1.20–1.80%,1.00%,1.00%,DE,,false
X90CrMoV18,,Stainless,,,77,66,89,81,0.85–0.95%,17.00–19.00%,0.90–1.30%,0.07–0.12%,0.14%,,0.39–1.00%,0.40–1.00%,"Ni 0.30%, Cu 0.12%, DE",,false
X96CrMoV12,,Semi-stainless,,,75,61,70,82,0.92–1.00%,11.00–12.00%,0.80–1.00%,0.80–1.00%,,,0.20–0.40%,0.20–0.40%,DE,,false
Y11Cr17,,Stainless,,,82,64,85,79,0.95–1.20%,16.00–18.00%,0.75%,,,,1.25%,1.00%,"Ni 0.60%, CN",,false
Y190,,Carbon,,,64,79,20,82,0.93%,0.12%,0.10%,0.03%,,,0.31%,0.11%,"Ni 0.20%, Cu 0.62%, FR",,false
YHX2,,Semi-stainless,Hitachi,,42,73,46,83,0.73–0.83%,3.80–4.50%,,0.80–1.20%,17.00–19.00%,,,,JP,,false
YK30,,Carbon,Daido,,66,77,21,81,1.05%,0.50%,,,,,1.00%,0.40%,"Ni 0.25%, JP",,false
YTL8,,Semi-stainless,EST,,78,58,56,81,1.00%,8.50%,1.70%,0.90%,0.50%,,,1.00%,CN,,false
Yushu,,Stainless,Yushu,,43,88,95,87,0.38%,16.20%,1.30%,,,,0.75%,0.64%,"Ni 0.54%, N 0.40%, ESR, CN",,false
YXM42,,Semi-stainless,Hitachi,,52,65,35,82,1.00–1.10%,3.50–4.25%,9.00–10.00%,1.00–1.50%,1.25–2.00%,7.75–8.75%,,,JP,,false
YXM60,,Semi-stainless,Hitachi,,49,66,36,82,1.00–1.10%,3.80–4.50%,6.00–7.00%,1.50–1.80%,5.00–6.00%,7.50–8.50%,,,JP,,false
YXR3,,Carbon,Hitachi,,37,77,38,86,0.60%,4.30%,2.90%,1.80%,,,0.40%,1.50%,JP,,false
YXR7,,Semi-stainless,Hitachi,,55,67,40,83,0.80%,5.00%,5.00%,1.10%,1.10%,,,,JP,,false
Z-12Ultra PM,,Semi-stainless,Zapp,,68,43,36,76,2.48%,4.20%,3.10%,8.00%,4.20%,,,,DE,,false
Z-420PM,,Stainless PM,Zapp,,63,46,79,82,2.30%,14.00%,1.00%,9.00%,,,,,DE,,false
Z-A11LVPM,,Semi-stainless,Zapp,,47,58,64,81,1.90%,5.25%,1.30%,9.00–9.10%,0.40%,,0.50%,0.90%,DE,,false
Z-Max,,Semi-stainless,Zapp,,61,51,35,77,2.00%,4.00%,5.00%,5.00%,10.00%,9.00%,,0.12%,DE,,false
Z-Tuff,,Semi-stainless,Zapp,,53,72,52,85,0.70%,7.50%,2.00%,1.00%,,,,,"Ni 1.50%, DE",,false
Z-Wear,,Semi-stainless,Zapp,,67,57,53,82,1.10%,7.80%,1.60%,2.40%,1.10%,,,1.00%,DE,,false
Z130WDCV06-05-04-04,,Semi-stainless,,,45,65,60,82,1.29%,4.42%,4.10%,4.00%,5.54%,0.37%,0.26%,0.43%,FR,,false
Z165WKVC 12-10-05-04,,Semi-stainless,,,46,61,57,81,1.64%,4.50%,0.66%,5.50%,11.64%,11.35%,0.21%,0.31%,FR,,false
Z200C12,,Semi-stainless,,,84,54,41,70,1.90–2.20%,11.00–13.00%,,,,,0.20–0.60%,0.10–0.60%,FR,,false
Z2CND1805,,Stainless,,,77,66,89,81,0.85–0.95%,17.00–19.00%,0.90–1.30%,0.07–0.12%,0.14%,,0.39–1.00%,0.40–1.00%,"Ni 0.30%, Cu 0.12%, FR",,false
Z50CD15,,Stainless,,,44,87,80,87,0.45–0.55%,14.00–15.00%,0.50–0.80%,0.10–0.20%,,,1.00%,0.50–1.00%,FR,,false
Z60CDV14,,Stainless,Bonpertuis,,54,81,79,85,0.60–0.65%,14.00%,0.55–0.65%,0.15–0.20%,,,0.20%,0.35–0.40%,"Ni 0.15%, FR",,false
Z80WCV18-04-01,,Semi-stainless,,,42,72,42,83,0.81%,4.25%,0.09%,1.08%,17.60%,0.05%,0.17%,0.23%,"Ni 0.08%, FR",,false
Z85DCWV 08-04-02-02,,Semi-stainless,,,42,71,41,83,0.85%,4.03%,8.00%,1.38%,1.43%,0.19%,0.27%,0.24%,FR,,false
ZG1Cr17,,Stainless,,,19,100,87,89,0.12%,16.00–18.00%,,,,,1.00%,1.00%,"Ni 0.60%, CN",,false
